-- MariaDB schema for Test Web App with PDF-BOP equivalence
SET NAMES utf8mb4;
START TRANSACTION;
SET FOREIGN_KEY_CHECKS=0;
DROP TABLE IF EXISTS `respuestas_usuario`;
DROP TABLE IF EXISTS `tests`;
DROP TABLE IF EXISTS `usuarios`;
DROP TABLE IF EXISTS `opciones`;
DROP TABLE IF EXISTS `preguntas`;
DROP TABLE IF EXISTS `titulos`;
DROP TABLE IF EXISTS `temas`;

CREATE TABLE `temas` (
  `id` INT NOT NULL AUTO_INCREMENT,
  `nombre` VARCHAR(255) NOT NULL,
  `descripcion` TEXT,
  PRIMARY KEY (`id`)
) ENGINE=InnoDB DEFAULT CHARSET=utf8mb4 COLLATE=utf8mb4_unicode_ci;


CREATE TABLE `titulos` (
  `id` INT NOT NULL AUTO_INCREMENT,
  `tema_id` INT NOT NULL,
  `nombre` VARCHAR(255) NOT NULL,
  PRIMARY KEY (`id`),
  KEY `idx_tema` (`tema_id`),
  CONSTRAINT `fk_titulo_tema` FOREIGN KEY (`tema_id`) REFERENCES `temas`(`id`) ON UPDATE CASCADE ON DELETE CASCADE
) ENGINE=InnoDB DEFAULT CHARSET=utf8mb4 COLLATE=utf8mb4_unicode_ci;


CREATE TABLE `preguntas` (
  `id` INT NOT NULL AUTO_INCREMENT,
  `titulo_id` INT NOT NULL,
  `texto` TEXT NOT NULL,
  `epigrafe` VARCHAR(255),
  `pagina_pdf` INT,
  `pagina_bop` INT,
  `explicacion` TEXT,
  `respuesta_correcta` TEXT,
  PRIMARY KEY (`id`),
  CONSTRAINT `fk_pregunta_titulo` FOREIGN KEY (`titulo_id`) REFERENCES `titulos`(`id`) ON UPDATE CASCADE ON DELETE CASCADE
) ENGINE=InnoDB DEFAULT CHARSET=utf8mb4 COLLATE=utf8mb4_unicode_ci;


CREATE TABLE `opciones` (
  `id` INT NOT NULL AUTO_INCREMENT,
  `pregunta_id` INT NOT NULL,
  `texto` TEXT NOT NULL,
  `es_correcta` TINYINT(1) NOT NULL DEFAULT 0,
  PRIMARY KEY (`id`),
  CONSTRAINT `fk_opcion_pregunta` FOREIGN KEY (`pregunta_id`) REFERENCES `preguntas`(`id`) ON UPDATE CASCADE ON DELETE CASCADE
) ENGINE=InnoDB DEFAULT CHARSET=utf8mb4 COLLATE=utf8mb4_unicode_ci;


CREATE TABLE `usuarios` (
  `id` INT NOT NULL AUTO_INCREMENT,
  `nombre` VARCHAR(100) NOT NULL,
  `email` VARCHAR(150) NOT NULL UNIQUE,
  `password_hash` VARCHAR(255) NOT NULL,
  `fecha_registro` DATETIME DEFAULT CURRENT_TIMESTAMP,
  PRIMARY KEY (`id`)
) ENGINE=InnoDB DEFAULT CHARSET=utf8mb4 COLLATE=utf8mb4_unicode_ci;


CREATE TABLE `tests` (
  `id` INT NOT NULL AUTO_INCREMENT,
  `usuario_id` INT NOT NULL,
  `tema_id` INT NOT NULL,
  `titulo_id` INT,
  `fecha_realizacion` DATETIME DEFAULT CURRENT_TIMESTAMP,
  `puntuacion` DECIMAL(5,2),
  `aprobado` TINYINT(1) DEFAULT 0,
  `num_preguntas` INT,
  `num_correctas` INT,
  PRIMARY KEY (`id`),
  CONSTRAINT `fk_test_usuario` FOREIGN KEY (`usuario_id`) REFERENCES `usuarios`(`id`) ON UPDATE CASCADE ON DELETE CASCADE,
  CONSTRAINT `fk_test_tema` FOREIGN KEY (`tema_id`) REFERENCES `temas`(`id`) ON UPDATE CASCADE ON DELETE CASCADE,
  CONSTRAINT `fk_test_titulo` FOREIGN KEY (`titulo_id`) REFERENCES `titulos`(`id`) ON UPDATE CASCADE ON DELETE SET NULL
) ENGINE=InnoDB DEFAULT CHARSET=utf8mb4 COLLATE=utf8mb4_unicode_ci;


CREATE TABLE `respuestas_usuario` (
  `id` INT NOT NULL AUTO_INCREMENT,
  `test_id` INT NOT NULL,
  `pregunta_id` INT NOT NULL,
  `opcion_id` INT NOT NULL,
  `es_correcta` TINYINT(1) NOT NULL,
  PRIMARY KEY (`id`),
  CONSTRAINT `fk_resp_test` FOREIGN KEY (`test_id`) REFERENCES `tests`(`id`) ON UPDATE CASCADE ON DELETE CASCADE,
  CONSTRAINT `fk_resp_pregunta` FOREIGN KEY (`pregunta_id`) REFERENCES `preguntas`(`id`) ON UPDATE CASCADE ON DELETE CASCADE,
  CONSTRAINT `fk_resp_opcion` FOREIGN KEY (`opcion_id`) REFERENCES `opciones`(`id`) ON UPDATE CASCADE ON DELETE CASCADE
) ENGINE=InnoDB DEFAULT CHARSET=utf8mb4 COLLATE=utf8mb4_unicode_ci;

INSERT INTO `temas`(`id`,`nombre`,`descripcion`) VALUES (1,'Reglamento Orgánico Municipal del Ayuntamiento de Córdoba','Reglamento que regula la organización y funcionamiento del Ayuntamiento de Córdoba.');
INSERT INTO `titulos`(`id`,`tema_id`,`nombre`) VALUES (1,1,'Título I. Del pleno y sus comisiones');
INSERT INTO `titulos`(`id`,`tema_id`,`nombre`) VALUES (2,1,'Título II. Del Gobierno y de la Administración');
INSERT INTO `titulos`(`id`,`tema_id`,`nombre`) VALUES (3,1,'Título III. Del Consejo Municipal para la resolución de las reclamaciones economico administrativas y del procedimiento económico-administrativo');
INSERT INTO `titulos`(`id`,`tema_id`,`nombre`) VALUES (4,1,'Título IV. Otros órganos');
INSERT INTO `titulos`(`id`,`tema_id`,`nombre`) VALUES (5,1,'Título V. Del Procedimiento de aprobación de normas de cáracter general');
INSERT INTO `titulos`(`id`,`tema_id`,`nombre`) VALUES (6,1,'Disposiciones');
INSERT INTO `preguntas`(`id`,`titulo_id`,`texto`,`epigrafe`,`pagina_pdf`,`pagina_bop`,`explicacion`,`respuesta_correcta`) VALUES (1,1,'Según el ROM, ¿qué elementos debe contener el acta de cada sesión plenaria y cuál es el sistema preferente de documentación?','Título I. Del Pleno y sus Comisiones – Sección 2ª. Actas',50,8970,'El art. 99 fija el contenido mínimo del acta y establece la vídeo‑acta como sistema preferente, acompañada de certificación de autenticidad e integridad.','Debe incluir asistentes, orden del día, lugar y tiempo, puntos principales de las deliberaciones y acuerdos; el sistema preferente es la vídeo‑acta.');
INSERT INTO `opciones`(`id`,`pregunta_id`,`texto`,`es_correcta`) VALUES (1,1,'Solo debe incluir el resultado de las votaciones; el sistema preferente es el audio‑acta sin acta escrita.',0);
INSERT INTO `opciones`(`id`,`pregunta_id`,`texto`,`es_correcta`) VALUES (2,1,'Debe incluir preguntas del público; el sistema preferente es acta manuscrita firmada por todos los concejales.',0);
INSERT INTO `opciones`(`id`,`pregunta_id`,`texto`,`es_correcta`) VALUES (3,1,'Debe incluir asistentes, orden del día, lugar y tiempo, puntos principales de las deliberaciones y acuerdos; el sistema preferente es la vídeo‑acta.',1);
INSERT INTO `opciones`(`id`,`pregunta_id`,`texto`,`es_correcta`) VALUES (4,1,'Debe incluir exclusivamente los acuerdos; el sistema preferente es la transcripción literal en papel.',0);
INSERT INTO `preguntas`(`id`,`titulo_id`,`texto`,`epigrafe`,`pagina_pdf`,`pagina_bop`,`explicacion`,`respuesta_correcta`) VALUES (2,1,'¿Cuándo son nulos los acuerdos del Pleno y qué excepción permite tratar asuntos no incluidos en el orden del día?','Título I. Del Pleno y sus Comisiones – Régimen de sesiones',33,8953,'El art. 49 declara la nulidad por tratar asuntos no incluidos salvo especial y previa declaración de urgencia con el quórum de mayoría simple.','Son nulos si se adoptan en sesiones extraordinarias sobre asuntos no incluidos; la excepción es la previa declaración de urgencia con mayoría simple.');
INSERT INTO `opciones`(`id`,`pregunta_id`,`texto`,`es_correcta`) VALUES (5,2,'Son nulos si se vota por nominal; la excepción es una moción de censura.',0);
INSERT INTO `opciones`(`id`,`pregunta_id`,`texto`,`es_correcta`) VALUES (6,2,'Son nulos solo cuando la Secretaría lo dictamine; la excepción es el voto de calidad de la Presidencia.',0);
INSERT INTO `opciones`(`id`,`pregunta_id`,`texto`,`es_correcta`) VALUES (7,2,'Nunca son nulos si hay quorum; la excepción es que exista mayoría absoluta.',0);
INSERT INTO `opciones`(`id`,`pregunta_id`,`texto`,`es_correcta`) VALUES (8,2,'Son nulos si se adoptan en sesiones extraordinarias sobre asuntos no incluidos; la excepción es la previa declaración de urgencia con mayoría simple.',1);
INSERT INTO `preguntas`(`id`,`titulo_id`,`texto`,`epigrafe`,`pagina_pdf`,`pagina_bop`,`explicacion`,`respuesta_correcta`) VALUES (3,1,'¿Qué estructura mínima debe incluirse siempre en el orden del día de las sesiones ordinarias del Pleno?','Título I. Del Pleno y sus Comisiones – Orden del día',33,8953,'El art. 48 exige incluir, en capítulo diferenciado, los expedientes con eficacia jurídica y la parte de impulso y control.','Un capítulo diferenciado con expedientes con eficacia jurídica directa y la parte de impulso, orientación política y control.');
INSERT INTO `opciones`(`id`,`pregunta_id`,`texto`,`es_correcta`) VALUES (9,3,'Únicamente ruegos y preguntas y aprobación del acta anterior.',0);
INSERT INTO `opciones`(`id`,`pregunta_id`,`texto`,`es_correcta`) VALUES (10,3,'Debate general sobre el estado del municipio sin expedientes.',0);
INSERT INTO `opciones`(`id`,`pregunta_id`,`texto`,`es_correcta`) VALUES (11,3,'Solo proposiciones del Gobierno y mociones de la oposición.',0);
INSERT INTO `opciones`(`id`,`pregunta_id`,`texto`,`es_correcta`) VALUES (12,3,'Un capítulo diferenciado con expedientes con eficacia jurídica directa y la parte de impulso, orientación política y control.',1);
INSERT INTO `preguntas`(`id`,`titulo_id`,`texto`,`epigrafe`,`pagina_pdf`,`pagina_bop`,`explicacion`,`respuesta_correcta`) VALUES (4,2,'¿Cuál es el objeto del Título II del ROM respecto al Ayuntamiento de Córdoba?','Título II. Del Gobierno y de la Administración – Capítulo I',61,8981,'El art. 132.1 define el objeto: regular el gobierno y la administración municipal conforme a la legislación de régimen local.','Regular el gobierno y la administración del Ayuntamiento de Córdoba en el marco de la legislación de régimen local.');
INSERT INTO `opciones`(`id`,`pregunta_id`,`texto`,`es_correcta`) VALUES (13,4,'Regular los procesos electorales locales y autonómicos.',0);
INSERT INTO `opciones`(`id`,`pregunta_id`,`texto`,`es_correcta`) VALUES (14,4,'Regular el gobierno y la administración del Ayuntamiento de Córdoba en el marco de la legislación de régimen local.',1);
INSERT INTO `opciones`(`id`,`pregunta_id`,`texto`,`es_correcta`) VALUES (15,4,'Fijar el régimen sancionador tributario municipal.',0);
INSERT INTO `opciones`(`id`,`pregunta_id`,`texto`,`es_correcta`) VALUES (16,4,'Establecer el padrón municipal y el inventario de bienes.',0);
INSERT INTO `preguntas`(`id`,`titulo_id`,`texto`,`epigrafe`,`pagina_pdf`,`pagina_bop`,`explicacion`,`respuesta_correcta`) VALUES (5,2,'Conforme a los principios generales del Título II, ¿cómo debe servir la Administración municipal y qué valores debe garantizar?','Título II. Del Gobierno y de la Administración – Capítulo I',61,8981,'El art. 133 recoge objetividad, eficacia, calidad, transparencia y coordinación con otras administraciones.','Debe servir con objetividad y eficacia los intereses generales, garantizando calidad y transparencia, y promoviendo coordinación y colaboración interadministrativa.');
INSERT INTO `opciones`(`id`,`pregunta_id`,`texto`,`es_correcta`) VALUES (17,5,'Debe priorizar la confidencialidad absoluta sobre la transparencia y actuar solo por silencio administrativo.',0);
INSERT INTO `opciones`(`id`,`pregunta_id`,`texto`,`es_correcta`) VALUES (18,5,'Debe atender solo órdenes del Pleno y no coordinarse con otras administraciones.',0);
INSERT INTO `opciones`(`id`,`pregunta_id`,`texto`,`es_correcta`) VALUES (19,5,'Debe centrarse en reducir costes sin consideración a la legalidad o a la ciudadanía.',0);
INSERT INTO `opciones`(`id`,`pregunta_id`,`texto`,`es_correcta`) VALUES (20,5,'Debe servir con objetividad y eficacia los intereses generales, garantizando calidad y transparencia, y promoviendo coordinación y colaboración interadministrativa.',1);
INSERT INTO `preguntas`(`id`,`titulo_id`,`texto`,`epigrafe`,`pagina_pdf`,`pagina_bop`,`explicacion`,`respuesta_correcta`) VALUES (6,2,'¿Cómo define el ROM la naturaleza de la Junta de Gobierno Local?','Título II. Del Gobierno y de la Administración – Junta de Gobierno Local',66,8986,'El art. 147 caracteriza a la Junta de Gobierno Local como órgano colegiado ejecutivo que colabora en la dirección política.','Órgano que, bajo la presidencia de la Alcaldía, colabora colegiadamente en la dirección política y ejerce funciones ejecutivas y administrativas.');
INSERT INTO `opciones`(`id`,`pregunta_id`,`texto`,`es_correcta`) VALUES (21,6,'Órgano exclusivamente consultivo sin capacidad ejecutiva.',0);
INSERT INTO `opciones`(`id`,`pregunta_id`,`texto`,`es_correcta`) VALUES (22,6,'Órgano que, bajo la presidencia de la Alcaldía, colabora colegiadamente en la dirección política y ejerce funciones ejecutivas y administrativas.',1);
INSERT INTO `opciones`(`id`,`pregunta_id`,`texto`,`es_correcta`) VALUES (23,6,'Órgano que sustituye al Pleno en todas sus competencias normativas.',0);
INSERT INTO `opciones`(`id`,`pregunta_id`,`texto`,`es_correcta`) VALUES (24,6,'Órgano de control jurisdiccional de los acuerdos del Pleno.',0);
INSERT INTO `preguntas`(`id`,`titulo_id`,`texto`,`epigrafe`,`pagina_pdf`,`pagina_bop`,`explicacion`,`respuesta_correcta`) VALUES (7,2,'¿Quién nombra y separa a los miembros de la Junta de Gobierno Local y cuál es el límite máximo de su número?','Título II. Del Gobierno y de la Administración – Junta de Gobierno Local',66,8986,'El art. 148 atribuye a la Alcaldía el nombramiento y cese; fija el límite de un tercio del Pleno, además de la Alcaldía.','La Alcaldía los nombra y separa libremente; su número no puede exceder de un tercio del número legal de miembros del Pleno, además de la Alcaldía.');
INSERT INTO `opciones`(`id`,`pregunta_id`,`texto`,`es_correcta`) VALUES (25,7,'Los nombra Intervención; el máximo es de dos miembros.',0);
INSERT INTO `opciones`(`id`,`pregunta_id`,`texto`,`es_correcta`) VALUES (26,7,'La Secretaría General del Pleno los designa; no hay límite numérico.',0);
INSERT INTO `opciones`(`id`,`pregunta_id`,`texto`,`es_correcta`) VALUES (27,7,'La Alcaldía los nombra y separa libremente; su número no puede exceder de un tercio del número legal de miembros del Pleno, además de la Alcaldía.',1);
INSERT INTO `opciones`(`id`,`pregunta_id`,`texto`,`es_correcta`) VALUES (28,7,'El Pleno los elige por sorteo; su número es la mitad de los concejales.',0);
INSERT INTO `preguntas`(`id`,`titulo_id`,`texto`,`epigrafe`,`pagina_pdf`,`pagina_bop`,`explicacion`,`respuesta_correcta`) VALUES (8,2,'Respecto a la organización municipal, ¿qué límite establece el ROM para el número de Áreas de Gobierno y a quién corresponde fijarlas?','Título II. De la Administración del Ayuntamiento – Áreas de Gobierno',72,8992,'El art. 168 establece el tope de diez Áreas y atribuye a la Alcaldía su determinación.','No podrán exceder de diez y corresponde a la Alcaldía determinar su número, denominación, atribuciones y servicios integrados.');
INSERT INTO `opciones`(`id`,`pregunta_id`,`texto`,`es_correcta`) VALUES (29,8,'No hay límite y las fija la Junta de Gobierno Local.',0);
INSERT INTO `opciones`(`id`,`pregunta_id`,`texto`,`es_correcta`) VALUES (30,8,'No podrán exceder de cinco y las fija el Pleno por mayoría cualificada.',0);
INSERT INTO `opciones`(`id`,`pregunta_id`,`texto`,`es_correcta`) VALUES (31,8,'Deben coincidir con el número de comisiones informativas y las decide la oposición.',0);
INSERT INTO `opciones`(`id`,`pregunta_id`,`texto`,`es_correcta`) VALUES (32,8,'No podrán exceder de diez y corresponde a la Alcaldía determinar su número, denominación, atribuciones y servicios integrados.',1);
INSERT INTO `preguntas`(`id`,`titulo_id`,`texto`,`epigrafe`,`pagina_pdf`,`pagina_bop`,`explicacion`,`respuesta_correcta`) VALUES (9,2,'Según la ordenación jerárquica, ¿a quién corresponde la dirección superior de las Áreas de Gobierno?','Título II. De la Administración del Ayuntamiento – Ordenación jerárquica',72,8992,'El art. 170 asigna la dirección superior de las Áreas a las Concejalías Delegadas.','A las Concejalías Delegadas.');
INSERT INTO `opciones`(`id`,`pregunta_id`,`texto`,`es_correcta`) VALUES (33,9,'A las Direcciones Generales exclusivamente.',0);
INSERT INTO `opciones`(`id`,`pregunta_id`,`texto`,`es_correcta`) VALUES (34,9,'A la Intervención General del Ayuntamiento.',0);
INSERT INTO `opciones`(`id`,`pregunta_id`,`texto`,`es_correcta`) VALUES (35,9,'A las Concejalías Delegadas.',1);
INSERT INTO `opciones`(`id`,`pregunta_id`,`texto`,`es_correcta`) VALUES (36,9,'Al Pleno, de forma directa y permanente.',0);
INSERT INTO `preguntas`(`id`,`titulo_id`,`texto`,`epigrafe`,`pagina_pdf`,`pagina_bop`,`explicacion`,`respuesta_correcta`) VALUES (10,1,'En relación con los informes de la Secretaría General del Pleno, ¿cuál es el plazo general para su emisión y qué exclusividad se prevé?','Título I. Del Pleno y sus Comisiones – Informes de Secretaría',50,8970,'El art. 98 fija un plazo de diez días y la exclusividad del informe de legalidad, sin perjuicio del de Intervención en su materia.','El plazo general es de diez días desde que obran los antecedentes; una vez emitido, no cabe otro informe de legalidad de órgano municipal distinto, salvo Intervención en su ámbito.');
INSERT INTO `opciones`(`id`,`pregunta_id`,`texto`,`es_correcta`) VALUES (37,10,'El plazo es de 24 horas; y pueden ser sustituidos por informes de los Grupos Municipales.',0);
INSERT INTO `opciones`(`id`,`pregunta_id`,`texto`,`es_correcta`) VALUES (38,10,'El plazo general es de treinta días; y siempre cabe un informe adicional de Tesorería.',0);
INSERT INTO `opciones`(`id`,`pregunta_id`,`texto`,`es_correcta`) VALUES (39,10,'El plazo general es de diez días desde que obran los antecedentes; una vez emitido, no cabe otro informe de legalidad de órgano municipal distinto, salvo Intervención en su ámbito.',1);
INSERT INTO `opciones`(`id`,`pregunta_id`,`texto`,`es_correcta`) VALUES (40,10,'No hay plazo; y los informes son vinculantes para el Poder Judicial.',0);
INSERT INTO `preguntas`(`id`,`titulo_id`,`texto`,`epigrafe`,`pagina_pdf`,`pagina_bop`,`explicacion`,`respuesta_correcta`) VALUES (11,1,'Según el ROM, ¿qué elementos debe contener el acta de cada sesión plenaria y cuál es el sistema preferente de documentación?','Título I. Del Pleno y sus Comisiones – Sección 2ª. Actas',50,8970,'El art. 99 fija el contenido mínimo del acta y establece la vídeo‑acta como sistema preferente, acompañada de certificación de autenticidad e integridad.','Debe incluir asistentes, orden del día, lugar y tiempo, puntos principales de las deliberaciones y acuerdos; el sistema preferente es la vídeo‑acta.');
INSERT INTO `opciones`(`id`,`pregunta_id`,`texto`,`es_correcta`) VALUES (41,11,'Solo debe incluir el resultado de las votaciones; el sistema preferente es el audio‑acta sin acta escrita.',0);
INSERT INTO `opciones`(`id`,`pregunta_id`,`texto`,`es_correcta`) VALUES (42,11,'Debe incluir preguntas del público; el sistema preferente es acta manuscrita firmada por todos los concejales.',0);
INSERT INTO `opciones`(`id`,`pregunta_id`,`texto`,`es_correcta`) VALUES (43,11,'Debe incluir asistentes, orden del día, lugar y tiempo, puntos principales de las deliberaciones y acuerdos; el sistema preferente es la vídeo‑acta.',1);
INSERT INTO `opciones`(`id`,`pregunta_id`,`texto`,`es_correcta`) VALUES (44,11,'Debe incluir exclusivamente los acuerdos; el sistema preferente es la transcripción literal en papel.',0);
INSERT INTO `preguntas`(`id`,`titulo_id`,`texto`,`epigrafe`,`pagina_pdf`,`pagina_bop`,`explicacion`,`respuesta_correcta`) VALUES (12,1,'¿Cuándo son nulos los acuerdos del Pleno y qué excepción permite tratar asuntos no incluidos en el orden del día?','Título I. Del Pleno y sus Comisiones – Régimen de sesiones',33,8953,'El art. 49 declara la nulidad por tratar asuntos no incluidos salvo especial y previa declaración de urgencia con el quórum de mayoría simple.','Son nulos si se adoptan en sesiones extraordinarias sobre asuntos no incluidos; la excepción es la previa declaración de urgencia con mayoría simple.');
INSERT INTO `opciones`(`id`,`pregunta_id`,`texto`,`es_correcta`) VALUES (45,12,'Son nulos si se vota por nominal; la excepción es una moción de censura.',0);
INSERT INTO `opciones`(`id`,`pregunta_id`,`texto`,`es_correcta`) VALUES (46,12,'Son nulos solo cuando la Secretaría lo dictamine; la excepción es el voto de calidad de la Presidencia.',0);
INSERT INTO `opciones`(`id`,`pregunta_id`,`texto`,`es_correcta`) VALUES (47,12,'Nunca son nulos si hay quorum; la excepción es que exista mayoría absoluta.',0);
INSERT INTO `opciones`(`id`,`pregunta_id`,`texto`,`es_correcta`) VALUES (48,12,'Son nulos si se adoptan en sesiones extraordinarias sobre asuntos no incluidos; la excepción es la previa declaración de urgencia con mayoría simple.',1);
INSERT INTO `preguntas`(`id`,`titulo_id`,`texto`,`epigrafe`,`pagina_pdf`,`pagina_bop`,`explicacion`,`respuesta_correcta`) VALUES (13,1,'¿Qué estructura mínima debe incluirse siempre en el orden del día de las sesiones ordinarias del Pleno?','Título I. Del Pleno y sus Comisiones – Orden del día',33,8953,'El art. 48 exige incluir, en capítulo diferenciado, los expedientes con eficacia jurídica y la parte de impulso y control.','Un capítulo diferenciado con expedientes con eficacia jurídica directa y la parte de impulso, orientación política y control.');
INSERT INTO `opciones`(`id`,`pregunta_id`,`texto`,`es_correcta`) VALUES (49,13,'Únicamente ruegos y preguntas y aprobación del acta anterior.',0);
INSERT INTO `opciones`(`id`,`pregunta_id`,`texto`,`es_correcta`) VALUES (50,13,'Debate general sobre el estado del municipio sin expedientes.',0);
INSERT INTO `opciones`(`id`,`pregunta_id`,`texto`,`es_correcta`) VALUES (51,13,'Solo proposiciones del Gobierno y mociones de la oposición.',0);
INSERT INTO `opciones`(`id`,`pregunta_id`,`texto`,`es_correcta`) VALUES (52,13,'Un capítulo diferenciado con expedientes con eficacia jurídica directa y la parte de impulso, orientación política y control.',1);
INSERT INTO `preguntas`(`id`,`titulo_id`,`texto`,`epigrafe`,`pagina_pdf`,`pagina_bop`,`explicacion`,`respuesta_correcta`) VALUES (14,2,'¿Cuál es el objeto del Título II del ROM respecto al Ayuntamiento de Córdoba?','Título II. Del Gobierno y de la Administración – Capítulo I',61,8981,'El art. 132.1 define el objeto: regular el gobierno y la administración municipal conforme a la legislación de régimen local.','Regular el gobierno y la administración del Ayuntamiento de Córdoba en el marco de la legislación de régimen local.');
INSERT INTO `opciones`(`id`,`pregunta_id`,`texto`,`es_correcta`) VALUES (53,14,'Regular los procesos electorales locales y autonómicos.',0);
INSERT INTO `opciones`(`id`,`pregunta_id`,`texto`,`es_correcta`) VALUES (54,14,'Regular el gobierno y la administración del Ayuntamiento de Córdoba en el marco de la legislación de régimen local.',1);
INSERT INTO `opciones`(`id`,`pregunta_id`,`texto`,`es_correcta`) VALUES (55,14,'Fijar el régimen sancionador tributario municipal.',0);
INSERT INTO `opciones`(`id`,`pregunta_id`,`texto`,`es_correcta`) VALUES (56,14,'Establecer el padrón municipal y el inventario de bienes.',0);
INSERT INTO `preguntas`(`id`,`titulo_id`,`texto`,`epigrafe`,`pagina_pdf`,`pagina_bop`,`explicacion`,`respuesta_correcta`) VALUES (15,2,'Conforme a los principios generales del Título II, ¿cómo debe servir la Administración municipal y qué valores debe garantizar?','Título II. Del Gobierno y de la Administración – Capítulo I',61,8981,'El art. 133 recoge objetividad, eficacia, calidad, transparencia y coordinación con otras administraciones.','Debe servir con objetividad y eficacia los intereses generales, garantizando calidad y transparencia, y promoviendo coordinación y colaboración interadministrativa.');
INSERT INTO `opciones`(`id`,`pregunta_id`,`texto`,`es_correcta`) VALUES (57,15,'Debe priorizar la confidencialidad absoluta sobre la transparencia y actuar solo por silencio administrativo.',0);
INSERT INTO `opciones`(`id`,`pregunta_id`,`texto`,`es_correcta`) VALUES (58,15,'Debe atender solo órdenes del Pleno y no coordinarse con otras administraciones.',0);
INSERT INTO `opciones`(`id`,`pregunta_id`,`texto`,`es_correcta`) VALUES (59,15,'Debe centrarse en reducir costes sin consideración a la legalidad o a la ciudadanía.',0);
INSERT INTO `opciones`(`id`,`pregunta_id`,`texto`,`es_correcta`) VALUES (60,15,'Debe servir con objetividad y eficacia los intereses generales, garantizando calidad y transparencia, y promoviendo coordinación y colaboración interadministrativa.',1);
INSERT INTO `preguntas`(`id`,`titulo_id`,`texto`,`epigrafe`,`pagina_pdf`,`pagina_bop`,`explicacion`,`respuesta_correcta`) VALUES (16,2,'¿Cómo define el ROM la naturaleza de la Junta de Gobierno Local?','Título II. Del Gobierno y de la Administración – Junta de Gobierno Local',66,8986,'El art. 147 caracteriza a la Junta de Gobierno Local como órgano colegiado ejecutivo que colabora en la dirección política.','Órgano que, bajo la presidencia de la Alcaldía, colabora colegiadamente en la dirección política y ejerce funciones ejecutivas y administrativas.');
INSERT INTO `opciones`(`id`,`pregunta_id`,`texto`,`es_correcta`) VALUES (61,16,'Órgano exclusivamente consultivo sin capacidad ejecutiva.',0);
INSERT INTO `opciones`(`id`,`pregunta_id`,`texto`,`es_correcta`) VALUES (62,16,'Órgano que, bajo la presidencia de la Alcaldía, colabora colegiadamente en la dirección política y ejerce funciones ejecutivas y administrativas.',1);
INSERT INTO `opciones`(`id`,`pregunta_id`,`texto`,`es_correcta`) VALUES (63,16,'Órgano que sustituye al Pleno en todas sus competencias normativas.',0);
INSERT INTO `opciones`(`id`,`pregunta_id`,`texto`,`es_correcta`) VALUES (64,16,'Órgano de control jurisdiccional de los acuerdos del Pleno.',0);
INSERT INTO `preguntas`(`id`,`titulo_id`,`texto`,`epigrafe`,`pagina_pdf`,`pagina_bop`,`explicacion`,`respuesta_correcta`) VALUES (17,2,'¿Quién nombra y separa a los miembros de la Junta de Gobierno Local y cuál es el límite máximo de su número?','Título II. Del Gobierno y de la Administración – Junta de Gobierno Local',66,8986,'El art. 148 atribuye a la Alcaldía el nombramiento y cese; fija el límite de un tercio del Pleno, además de la Alcaldía.','La Alcaldía los nombra y separa libremente; su número no puede exceder de un tercio del número legal de miembros del Pleno, además de la Alcaldía.');
INSERT INTO `opciones`(`id`,`pregunta_id`,`texto`,`es_correcta`) VALUES (65,17,'Los nombra Intervención; el máximo es de dos miembros.',0);
INSERT INTO `opciones`(`id`,`pregunta_id`,`texto`,`es_correcta`) VALUES (66,17,'La Secretaría General del Pleno los designa; no hay límite numérico.',0);
INSERT INTO `opciones`(`id`,`pregunta_id`,`texto`,`es_correcta`) VALUES (67,17,'La Alcaldía los nombra y separa libremente; su número no puede exceder de un tercio del número legal de miembros del Pleno, además de la Alcaldía.',1);
INSERT INTO `opciones`(`id`,`pregunta_id`,`texto`,`es_correcta`) VALUES (68,17,'El Pleno los elige por sorteo; su número es la mitad de los concejales.',0);
INSERT INTO `preguntas`(`id`,`titulo_id`,`texto`,`epigrafe`,`pagina_pdf`,`pagina_bop`,`explicacion`,`respuesta_correcta`) VALUES (18,2,'Respecto a la organización municipal, ¿qué límite establece el ROM para el número de Áreas de Gobierno y a quién corresponde fijarlas?','Título II. De la Administración del Ayuntamiento – Áreas de Gobierno',72,8992,'El art. 168 establece el tope de diez Áreas y atribuye a la Alcaldía su determinación.','No podrán exceder de diez y corresponde a la Alcaldía determinar su número, denominación, atribuciones y servicios integrados.');
INSERT INTO `opciones`(`id`,`pregunta_id`,`texto`,`es_correcta`) VALUES (69,18,'No hay límite y las fija la Junta de Gobierno Local.',0);
INSERT INTO `opciones`(`id`,`pregunta_id`,`texto`,`es_correcta`) VALUES (70,18,'No podrán exceder de cinco y las fija el Pleno por mayoría cualificada.',0);
INSERT INTO `opciones`(`id`,`pregunta_id`,`texto`,`es_correcta`) VALUES (71,18,'Deben coincidir con el número de comisiones informativas y las decide la oposición.',0);
INSERT INTO `opciones`(`id`,`pregunta_id`,`texto`,`es_correcta`) VALUES (72,18,'No podrán exceder de diez y corresponde a la Alcaldía determinar su número, denominación, atribuciones y servicios integrados.',1);
INSERT INTO `preguntas`(`id`,`titulo_id`,`texto`,`epigrafe`,`pagina_pdf`,`pagina_bop`,`explicacion`,`respuesta_correcta`) VALUES (19,2,'Según la ordenación jerárquica, ¿a quién corresponde la dirección superior de las Áreas de Gobierno?','Título II. De la Administración del Ayuntamiento – Ordenación jerárquica',72,8992,'El art. 170 asigna la dirección superior de las Áreas a las Concejalías Delegadas.','A las Concejalías Delegadas.');
INSERT INTO `opciones`(`id`,`pregunta_id`,`texto`,`es_correcta`) VALUES (73,19,'A las Direcciones Generales exclusivamente.',0);
INSERT INTO `opciones`(`id`,`pregunta_id`,`texto`,`es_correcta`) VALUES (74,19,'A la Intervención General del Ayuntamiento.',0);
INSERT INTO `opciones`(`id`,`pregunta_id`,`texto`,`es_correcta`) VALUES (75,19,'A las Concejalías Delegadas.',1);
INSERT INTO `opciones`(`id`,`pregunta_id`,`texto`,`es_correcta`) VALUES (76,19,'Al Pleno, de forma directa y permanente.',0);
INSERT INTO `preguntas`(`id`,`titulo_id`,`texto`,`epigrafe`,`pagina_pdf`,`pagina_bop`,`explicacion`,`respuesta_correcta`) VALUES (20,1,'En relación con los informes de la Secretaría General del Pleno, ¿cuál es el plazo general para su emisión y qué exclusividad se prevé?','Título I. Del Pleno y sus Comisiones – Informes de Secretaría',50,8970,'El art. 98 fija un plazo de diez días y la exclusividad del informe de legalidad, sin perjuicio del de Intervención en su materia.','El plazo general es de diez días desde que obran los antecedentes; una vez emitido, no cabe otro informe de legalidad de órgano municipal distinto, salvo Intervención en su ámbito.');
INSERT INTO `opciones`(`id`,`pregunta_id`,`texto`,`es_correcta`) VALUES (77,20,'El plazo es de 24 horas; y pueden ser sustituidos por informes de los Grupos Municipales.',0);
INSERT INTO `opciones`(`id`,`pregunta_id`,`texto`,`es_correcta`) VALUES (78,20,'El plazo general es de treinta días; y siempre cabe un informe adicional de Tesorería.',0);
INSERT INTO `opciones`(`id`,`pregunta_id`,`texto`,`es_correcta`) VALUES (79,20,'El plazo general es de diez días desde que obran los antecedentes; una vez emitido, no cabe otro informe de legalidad de órgano municipal distinto, salvo Intervención en su ámbito.',1);
INSERT INTO `opciones`(`id`,`pregunta_id`,`texto`,`es_correcta`) VALUES (80,20,'No hay plazo; y los informes son vinculantes para el Poder Judicial.',0);
INSERT INTO `preguntas`(`id`,`titulo_id`,`texto`,`epigrafe`,`pagina_pdf`,`pagina_bop`,`explicacion`,`respuesta_correcta`) VALUES (21,1,'Según el ROM, ¿qué elementos debe contener el acta de cada sesión plenaria y cuál es el sistema preferente de documentación?','Título I. Del Pleno y sus Comisiones – Sección 2ª. Actas',50,8970,'El art. 99 fija el contenido mínimo del acta y establece la vídeo‑acta como sistema preferente, acompañada de certificación de autenticidad e integridad.','Debe incluir asistentes, orden del día, lugar y tiempo, puntos principales de las deliberaciones y acuerdos; el sistema preferente es la vídeo‑acta.');
INSERT INTO `opciones`(`id`,`pregunta_id`,`texto`,`es_correcta`) VALUES (81,21,'Solo debe incluir el resultado de las votaciones; el sistema preferente es el audio‑acta sin acta escrita.',0);
INSERT INTO `opciones`(`id`,`pregunta_id`,`texto`,`es_correcta`) VALUES (82,21,'Debe incluir preguntas del público; el sistema preferente es acta manuscrita firmada por todos los concejales.',0);
INSERT INTO `opciones`(`id`,`pregunta_id`,`texto`,`es_correcta`) VALUES (83,21,'Debe incluir asistentes, orden del día, lugar y tiempo, puntos principales de las deliberaciones y acuerdos; el sistema preferente es la vídeo‑acta.',1);
INSERT INTO `opciones`(`id`,`pregunta_id`,`texto`,`es_correcta`) VALUES (84,21,'Debe incluir exclusivamente los acuerdos; el sistema preferente es la transcripción literal en papel.',0);
INSERT INTO `preguntas`(`id`,`titulo_id`,`texto`,`epigrafe`,`pagina_pdf`,`pagina_bop`,`explicacion`,`respuesta_correcta`) VALUES (22,1,'¿Cuándo son nulos los acuerdos del Pleno y qué excepción permite tratar asuntos no incluidos en el orden del día?','Título I. Del Pleno y sus Comisiones – Régimen de sesiones',33,8953,'El art. 49 declara la nulidad por tratar asuntos no incluidos salvo especial y previa declaración de urgencia con el quórum de mayoría simple.','Son nulos si se adoptan en sesiones extraordinarias sobre asuntos no incluidos; la excepción es la previa declaración de urgencia con mayoría simple.');
INSERT INTO `opciones`(`id`,`pregunta_id`,`texto`,`es_correcta`) VALUES (85,22,'Son nulos si se vota por nominal; la excepción es una moción de censura.',0);
INSERT INTO `opciones`(`id`,`pregunta_id`,`texto`,`es_correcta`) VALUES (86,22,'Son nulos solo cuando la Secretaría lo dictamine; la excepción es el voto de calidad de la Presidencia.',0);
INSERT INTO `opciones`(`id`,`pregunta_id`,`texto`,`es_correcta`) VALUES (87,22,'Nunca son nulos si hay quorum; la excepción es que exista mayoría absoluta.',0);
INSERT INTO `opciones`(`id`,`pregunta_id`,`texto`,`es_correcta`) VALUES (88,22,'Son nulos si se adoptan en sesiones extraordinarias sobre asuntos no incluidos; la excepción es la previa declaración de urgencia con mayoría simple.',1);
INSERT INTO `preguntas`(`id`,`titulo_id`,`texto`,`epigrafe`,`pagina_pdf`,`pagina_bop`,`explicacion`,`respuesta_correcta`) VALUES (23,1,'¿Qué estructura mínima debe incluirse siempre en el orden del día de las sesiones ordinarias del Pleno?','Título I. Del Pleno y sus Comisiones – Orden del día',33,8953,'El art. 48 exige incluir, en capítulo diferenciado, los expedientes con eficacia jurídica y la parte de impulso y control.','Un capítulo diferenciado con expedientes con eficacia jurídica directa y la parte de impulso, orientación política y control.');
INSERT INTO `opciones`(`id`,`pregunta_id`,`texto`,`es_correcta`) VALUES (89,23,'Únicamente ruegos y preguntas y aprobación del acta anterior.',0);
INSERT INTO `opciones`(`id`,`pregunta_id`,`texto`,`es_correcta`) VALUES (90,23,'Debate general sobre el estado del municipio sin expedientes.',0);
INSERT INTO `opciones`(`id`,`pregunta_id`,`texto`,`es_correcta`) VALUES (91,23,'Solo proposiciones del Gobierno y mociones de la oposición.',0);
INSERT INTO `opciones`(`id`,`pregunta_id`,`texto`,`es_correcta`) VALUES (92,23,'Un capítulo diferenciado con expedientes con eficacia jurídica directa y la parte de impulso, orientación política y control.',1);
INSERT INTO `preguntas`(`id`,`titulo_id`,`texto`,`epigrafe`,`pagina_pdf`,`pagina_bop`,`explicacion`,`respuesta_correcta`) VALUES (24,2,'¿Cuál es el objeto del Título II del ROM respecto al Ayuntamiento de Córdoba?','Título II. Del Gobierno y de la Administración – Capítulo I',61,8981,'El art. 132.1 define el objeto: regular el gobierno y la administración municipal conforme a la legislación de régimen local.','Regular el gobierno y la administración del Ayuntamiento de Córdoba en el marco de la legislación de régimen local.');
INSERT INTO `opciones`(`id`,`pregunta_id`,`texto`,`es_correcta`) VALUES (93,24,'Regular los procesos electorales locales y autonómicos.',0);
INSERT INTO `opciones`(`id`,`pregunta_id`,`texto`,`es_correcta`) VALUES (94,24,'Regular el gobierno y la administración del Ayuntamiento de Córdoba en el marco de la legislación de régimen local.',1);
INSERT INTO `opciones`(`id`,`pregunta_id`,`texto`,`es_correcta`) VALUES (95,24,'Fijar el régimen sancionador tributario municipal.',0);
INSERT INTO `opciones`(`id`,`pregunta_id`,`texto`,`es_correcta`) VALUES (96,24,'Establecer el padrón municipal y el inventario de bienes.',0);
INSERT INTO `preguntas`(`id`,`titulo_id`,`texto`,`epigrafe`,`pagina_pdf`,`pagina_bop`,`explicacion`,`respuesta_correcta`) VALUES (25,2,'Conforme a los principios generales del Título II, ¿cómo debe servir la Administración municipal y qué valores debe garantizar?','Título II. Del Gobierno y de la Administración – Capítulo I',61,8981,'El art. 133 recoge objetividad, eficacia, calidad, transparencia y coordinación con otras administraciones.','Debe servir con objetividad y eficacia los intereses generales, garantizando calidad y transparencia, y promoviendo coordinación y colaboración interadministrativa.');
INSERT INTO `opciones`(`id`,`pregunta_id`,`texto`,`es_correcta`) VALUES (97,25,'Debe priorizar la confidencialidad absoluta sobre la transparencia y actuar solo por silencio administrativo.',0);
INSERT INTO `opciones`(`id`,`pregunta_id`,`texto`,`es_correcta`) VALUES (98,25,'Debe atender solo órdenes del Pleno y no coordinarse con otras administraciones.',0);
INSERT INTO `opciones`(`id`,`pregunta_id`,`texto`,`es_correcta`) VALUES (99,25,'Debe centrarse en reducir costes sin consideración a la legalidad o a la ciudadanía.',0);
INSERT INTO `opciones`(`id`,`pregunta_id`,`texto`,`es_correcta`) VALUES (100,25,'Debe servir con objetividad y eficacia los intereses generales, garantizando calidad y transparencia, y promoviendo coordinación y colaboración interadministrativa.',1);
INSERT INTO `preguntas`(`id`,`titulo_id`,`texto`,`epigrafe`,`pagina_pdf`,`pagina_bop`,`explicacion`,`respuesta_correcta`) VALUES (26,2,'¿Cómo define el ROM la naturaleza de la Junta de Gobierno Local?','Título II. Del Gobierno y de la Administración – Junta de Gobierno Local',66,8986,'El art. 147 caracteriza a la Junta de Gobierno Local como órgano colegiado ejecutivo que colabora en la dirección política.','Órgano que, bajo la presidencia de la Alcaldía, colabora colegiadamente en la dirección política y ejerce funciones ejecutivas y administrativas.');
INSERT INTO `opciones`(`id`,`pregunta_id`,`texto`,`es_correcta`) VALUES (101,26,'Órgano exclusivamente consultivo sin capacidad ejecutiva.',0);
INSERT INTO `opciones`(`id`,`pregunta_id`,`texto`,`es_correcta`) VALUES (102,26,'Órgano que, bajo la presidencia de la Alcaldía, colabora colegiadamente en la dirección política y ejerce funciones ejecutivas y administrativas.',1);
INSERT INTO `opciones`(`id`,`pregunta_id`,`texto`,`es_correcta`) VALUES (103,26,'Órgano que sustituye al Pleno en todas sus competencias normativas.',0);
INSERT INTO `opciones`(`id`,`pregunta_id`,`texto`,`es_correcta`) VALUES (104,26,'Órgano de control jurisdiccional de los acuerdos del Pleno.',0);
INSERT INTO `preguntas`(`id`,`titulo_id`,`texto`,`epigrafe`,`pagina_pdf`,`pagina_bop`,`explicacion`,`respuesta_correcta`) VALUES (27,2,'¿Quién nombra y separa a los miembros de la Junta de Gobierno Local y cuál es el límite máximo de su número?','Título II. Del Gobierno y de la Administración – Junta de Gobierno Local',66,8986,'El art. 148 atribuye a la Alcaldía el nombramiento y cese; fija el límite de un tercio del Pleno, además de la Alcaldía.','La Alcaldía los nombra y separa libremente; su número no puede exceder de un tercio del número legal de miembros del Pleno, además de la Alcaldía.');
INSERT INTO `opciones`(`id`,`pregunta_id`,`texto`,`es_correcta`) VALUES (105,27,'Los nombra Intervención; el máximo es de dos miembros.',0);
INSERT INTO `opciones`(`id`,`pregunta_id`,`texto`,`es_correcta`) VALUES (106,27,'La Secretaría General del Pleno los designa; no hay límite numérico.',0);
INSERT INTO `opciones`(`id`,`pregunta_id`,`texto`,`es_correcta`) VALUES (107,27,'La Alcaldía los nombra y separa libremente; su número no puede exceder de un tercio del número legal de miembros del Pleno, además de la Alcaldía.',1);
INSERT INTO `opciones`(`id`,`pregunta_id`,`texto`,`es_correcta`) VALUES (108,27,'El Pleno los elige por sorteo; su número es la mitad de los concejales.',0);
INSERT INTO `preguntas`(`id`,`titulo_id`,`texto`,`epigrafe`,`pagina_pdf`,`pagina_bop`,`explicacion`,`respuesta_correcta`) VALUES (28,2,'Respecto a la organización municipal, ¿qué límite establece el ROM para el número de Áreas de Gobierno y a quién corresponde fijarlas?','Título II. De la Administración del Ayuntamiento – Áreas de Gobierno',72,8992,'El art. 168 establece el tope de diez Áreas y atribuye a la Alcaldía su determinación.','No podrán exceder de diez y corresponde a la Alcaldía determinar su número, denominación, atribuciones y servicios integrados.');
INSERT INTO `opciones`(`id`,`pregunta_id`,`texto`,`es_correcta`) VALUES (109,28,'No hay límite y las fija la Junta de Gobierno Local.',0);
INSERT INTO `opciones`(`id`,`pregunta_id`,`texto`,`es_correcta`) VALUES (110,28,'No podrán exceder de cinco y las fija el Pleno por mayoría cualificada.',0);
INSERT INTO `opciones`(`id`,`pregunta_id`,`texto`,`es_correcta`) VALUES (111,28,'Deben coincidir con el número de comisiones informativas y las decide la oposición.',0);
INSERT INTO `opciones`(`id`,`pregunta_id`,`texto`,`es_correcta`) VALUES (112,28,'No podrán exceder de diez y corresponde a la Alcaldía determinar su número, denominación, atribuciones y servicios integrados.',1);
INSERT INTO `preguntas`(`id`,`titulo_id`,`texto`,`epigrafe`,`pagina_pdf`,`pagina_bop`,`explicacion`,`respuesta_correcta`) VALUES (29,2,'Según la ordenación jerárquica, ¿a quién corresponde la dirección superior de las Áreas de Gobierno?','Título II. De la Administración del Ayuntamiento – Ordenación jerárquica',72,8992,'El art. 170 asigna la dirección superior de las Áreas a las Concejalías Delegadas.','A las Concejalías Delegadas.');
INSERT INTO `opciones`(`id`,`pregunta_id`,`texto`,`es_correcta`) VALUES (113,29,'A las Direcciones Generales exclusivamente.',0);
INSERT INTO `opciones`(`id`,`pregunta_id`,`texto`,`es_correcta`) VALUES (114,29,'A la Intervención General del Ayuntamiento.',0);
INSERT INTO `opciones`(`id`,`pregunta_id`,`texto`,`es_correcta`) VALUES (115,29,'A las Concejalías Delegadas.',1);
INSERT INTO `opciones`(`id`,`pregunta_id`,`texto`,`es_correcta`) VALUES (116,29,'Al Pleno, de forma directa y permanente.',0);
INSERT INTO `preguntas`(`id`,`titulo_id`,`texto`,`epigrafe`,`pagina_pdf`,`pagina_bop`,`explicacion`,`respuesta_correcta`) VALUES (30,1,'En relación con los informes de la Secretaría General del Pleno, ¿cuál es el plazo general para su emisión y qué exclusividad se prevé?','Título I. Del Pleno y sus Comisiones – Informes de Secretaría',50,8970,'El art. 98 fija un plazo de diez días y la exclusividad del informe de legalidad, sin perjuicio del de Intervención en su materia.','El plazo general es de diez días desde que obran los antecedentes; una vez emitido, no cabe otro informe de legalidad de órgano municipal distinto, salvo Intervención en su ámbito.');
INSERT INTO `opciones`(`id`,`pregunta_id`,`texto`,`es_correcta`) VALUES (117,30,'El plazo es de 24 horas; y pueden ser sustituidos por informes de los Grupos Municipales.',0);
INSERT INTO `opciones`(`id`,`pregunta_id`,`texto`,`es_correcta`) VALUES (118,30,'El plazo general es de treinta días; y siempre cabe un informe adicional de Tesorería.',0);
INSERT INTO `opciones`(`id`,`pregunta_id`,`texto`,`es_correcta`) VALUES (119,30,'El plazo general es de diez días desde que obran los antecedentes; una vez emitido, no cabe otro informe de legalidad de órgano municipal distinto, salvo Intervención en su ámbito.',1);
INSERT INTO `opciones`(`id`,`pregunta_id`,`texto`,`es_correcta`) VALUES (120,30,'No hay plazo; y los informes son vinculantes para el Poder Judicial.',0);
INSERT INTO `preguntas`(`id`,`titulo_id`,`texto`,`epigrafe`,`pagina_pdf`,`pagina_bop`,`explicacion`,`respuesta_correcta`) VALUES (31,1,'Según el ROM, ¿qué elementos debe contener el acta de cada sesión plenaria y cuál es el sistema preferente de documentación?','Título I. Del Pleno y sus Comisiones – Sección 2ª. Actas',50,8970,'El art. 99 fija el contenido mínimo del acta y establece la vídeo‑acta como sistema preferente, acompañada de certificación de autenticidad e integridad.','Debe incluir asistentes, orden del día, lugar y tiempo, puntos principales de las deliberaciones y acuerdos; el sistema preferente es la vídeo‑acta.');
INSERT INTO `opciones`(`id`,`pregunta_id`,`texto`,`es_correcta`) VALUES (121,31,'Solo debe incluir el resultado de las votaciones; el sistema preferente es el audio‑acta sin acta escrita.',0);
INSERT INTO `opciones`(`id`,`pregunta_id`,`texto`,`es_correcta`) VALUES (122,31,'Debe incluir preguntas del público; el sistema preferente es acta manuscrita firmada por todos los concejales.',0);
INSERT INTO `opciones`(`id`,`pregunta_id`,`texto`,`es_correcta`) VALUES (123,31,'Debe incluir asistentes, orden del día, lugar y tiempo, puntos principales de las deliberaciones y acuerdos; el sistema preferente es la vídeo‑acta.',1);
INSERT INTO `opciones`(`id`,`pregunta_id`,`texto`,`es_correcta`) VALUES (124,31,'Debe incluir exclusivamente los acuerdos; el sistema preferente es la transcripción literal en papel.',0);
INSERT INTO `preguntas`(`id`,`titulo_id`,`texto`,`epigrafe`,`pagina_pdf`,`pagina_bop`,`explicacion`,`respuesta_correcta`) VALUES (32,1,'¿Cuándo son nulos los acuerdos del Pleno y qué excepción permite tratar asuntos no incluidos en el orden del día?','Título I. Del Pleno y sus Comisiones – Régimen de sesiones',33,8953,'El art. 49 declara la nulidad por tratar asuntos no incluidos salvo especial y previa declaración de urgencia con el quórum de mayoría simple.','Son nulos si se adoptan en sesiones extraordinarias sobre asuntos no incluidos; la excepción es la previa declaración de urgencia con mayoría simple.');
INSERT INTO `opciones`(`id`,`pregunta_id`,`texto`,`es_correcta`) VALUES (125,32,'Son nulos si se vota por nominal; la excepción es una moción de censura.',0);
INSERT INTO `opciones`(`id`,`pregunta_id`,`texto`,`es_correcta`) VALUES (126,32,'Son nulos solo cuando la Secretaría lo dictamine; la excepción es el voto de calidad de la Presidencia.',0);
INSERT INTO `opciones`(`id`,`pregunta_id`,`texto`,`es_correcta`) VALUES (127,32,'Nunca son nulos si hay quorum; la excepción es que exista mayoría absoluta.',0);
INSERT INTO `opciones`(`id`,`pregunta_id`,`texto`,`es_correcta`) VALUES (128,32,'Son nulos si se adoptan en sesiones extraordinarias sobre asuntos no incluidos; la excepción es la previa declaración de urgencia con mayoría simple.',1);
INSERT INTO `preguntas`(`id`,`titulo_id`,`texto`,`epigrafe`,`pagina_pdf`,`pagina_bop`,`explicacion`,`respuesta_correcta`) VALUES (33,1,'¿Qué estructura mínima debe incluirse siempre en el orden del día de las sesiones ordinarias del Pleno?','Título I. Del Pleno y sus Comisiones – Orden del día',33,8953,'El art. 48 exige incluir, en capítulo diferenciado, los expedientes con eficacia jurídica y la parte de impulso y control.','Un capítulo diferenciado con expedientes con eficacia jurídica directa y la parte de impulso, orientación política y control.');
INSERT INTO `opciones`(`id`,`pregunta_id`,`texto`,`es_correcta`) VALUES (129,33,'Únicamente ruegos y preguntas y aprobación del acta anterior.',0);
INSERT INTO `opciones`(`id`,`pregunta_id`,`texto`,`es_correcta`) VALUES (130,33,'Debate general sobre el estado del municipio sin expedientes.',0);
INSERT INTO `opciones`(`id`,`pregunta_id`,`texto`,`es_correcta`) VALUES (131,33,'Solo proposiciones del Gobierno y mociones de la oposición.',0);
INSERT INTO `opciones`(`id`,`pregunta_id`,`texto`,`es_correcta`) VALUES (132,33,'Un capítulo diferenciado con expedientes con eficacia jurídica directa y la parte de impulso, orientación política y control.',1);
INSERT INTO `preguntas`(`id`,`titulo_id`,`texto`,`epigrafe`,`pagina_pdf`,`pagina_bop`,`explicacion`,`respuesta_correcta`) VALUES (34,2,'¿Cuál es el objeto del Título II del ROM respecto al Ayuntamiento de Córdoba?','Título II. Del Gobierno y de la Administración – Capítulo I',61,8981,'El art. 132.1 define el objeto: regular el gobierno y la administración municipal conforme a la legislación de régimen local.','Regular el gobierno y la administración del Ayuntamiento de Córdoba en el marco de la legislación de régimen local.');
INSERT INTO `opciones`(`id`,`pregunta_id`,`texto`,`es_correcta`) VALUES (133,34,'Regular los procesos electorales locales y autonómicos.',0);
INSERT INTO `opciones`(`id`,`pregunta_id`,`texto`,`es_correcta`) VALUES (134,34,'Regular el gobierno y la administración del Ayuntamiento de Córdoba en el marco de la legislación de régimen local.',1);
INSERT INTO `opciones`(`id`,`pregunta_id`,`texto`,`es_correcta`) VALUES (135,34,'Fijar el régimen sancionador tributario municipal.',0);
INSERT INTO `opciones`(`id`,`pregunta_id`,`texto`,`es_correcta`) VALUES (136,34,'Establecer el padrón municipal y el inventario de bienes.',0);
INSERT INTO `preguntas`(`id`,`titulo_id`,`texto`,`epigrafe`,`pagina_pdf`,`pagina_bop`,`explicacion`,`respuesta_correcta`) VALUES (35,2,'Conforme a los principios generales del Título II, ¿cómo debe servir la Administración municipal y qué valores debe garantizar?','Título II. Del Gobierno y de la Administración – Capítulo I',61,8981,'El art. 133 recoge objetividad, eficacia, calidad, transparencia y coordinación con otras administraciones.','Debe servir con objetividad y eficacia los intereses generales, garantizando calidad y transparencia, y promoviendo coordinación y colaboración interadministrativa.');
INSERT INTO `opciones`(`id`,`pregunta_id`,`texto`,`es_correcta`) VALUES (137,35,'Debe priorizar la confidencialidad absoluta sobre la transparencia y actuar solo por silencio administrativo.',0);
INSERT INTO `opciones`(`id`,`pregunta_id`,`texto`,`es_correcta`) VALUES (138,35,'Debe atender solo órdenes del Pleno y no coordinarse con otras administraciones.',0);
INSERT INTO `opciones`(`id`,`pregunta_id`,`texto`,`es_correcta`) VALUES (139,35,'Debe centrarse en reducir costes sin consideración a la legalidad o a la ciudadanía.',0);
INSERT INTO `opciones`(`id`,`pregunta_id`,`texto`,`es_correcta`) VALUES (140,35,'Debe servir con objetividad y eficacia los intereses generales, garantizando calidad y transparencia, y promoviendo coordinación y colaboración interadministrativa.',1);
INSERT INTO `preguntas`(`id`,`titulo_id`,`texto`,`epigrafe`,`pagina_pdf`,`pagina_bop`,`explicacion`,`respuesta_correcta`) VALUES (36,2,'¿Cómo define el ROM la naturaleza de la Junta de Gobierno Local?','Título II. Del Gobierno y de la Administración – Junta de Gobierno Local',66,8986,'El art. 147 caracteriza a la Junta de Gobierno Local como órgano colegiado ejecutivo que colabora en la dirección política.','Órgano que, bajo la presidencia de la Alcaldía, colabora colegiadamente en la dirección política y ejerce funciones ejecutivas y administrativas.');
INSERT INTO `opciones`(`id`,`pregunta_id`,`texto`,`es_correcta`) VALUES (141,36,'Órgano exclusivamente consultivo sin capacidad ejecutiva.',0);
INSERT INTO `opciones`(`id`,`pregunta_id`,`texto`,`es_correcta`) VALUES (142,36,'Órgano que, bajo la presidencia de la Alcaldía, colabora colegiadamente en la dirección política y ejerce funciones ejecutivas y administrativas.',1);
INSERT INTO `opciones`(`id`,`pregunta_id`,`texto`,`es_correcta`) VALUES (143,36,'Órgano que sustituye al Pleno en todas sus competencias normativas.',0);
INSERT INTO `opciones`(`id`,`pregunta_id`,`texto`,`es_correcta`) VALUES (144,36,'Órgano de control jurisdiccional de los acuerdos del Pleno.',0);
INSERT INTO `preguntas`(`id`,`titulo_id`,`texto`,`epigrafe`,`pagina_pdf`,`pagina_bop`,`explicacion`,`respuesta_correcta`) VALUES (37,2,'¿Quién nombra y separa a los miembros de la Junta de Gobierno Local y cuál es el límite máximo de su número?','Título II. Del Gobierno y de la Administración – Junta de Gobierno Local',66,8986,'El art. 148 atribuye a la Alcaldía el nombramiento y cese; fija el límite de un tercio del Pleno, además de la Alcaldía.','La Alcaldía los nombra y separa libremente; su número no puede exceder de un tercio del número legal de miembros del Pleno, además de la Alcaldía.');
INSERT INTO `opciones`(`id`,`pregunta_id`,`texto`,`es_correcta`) VALUES (145,37,'Los nombra Intervención; el máximo es de dos miembros.',0);
INSERT INTO `opciones`(`id`,`pregunta_id`,`texto`,`es_correcta`) VALUES (146,37,'La Secretaría General del Pleno los designa; no hay límite numérico.',0);
INSERT INTO `opciones`(`id`,`pregunta_id`,`texto`,`es_correcta`) VALUES (147,37,'La Alcaldía los nombra y separa libremente; su número no puede exceder de un tercio del número legal de miembros del Pleno, además de la Alcaldía.',1);
INSERT INTO `opciones`(`id`,`pregunta_id`,`texto`,`es_correcta`) VALUES (148,37,'El Pleno los elige por sorteo; su número es la mitad de los concejales.',0);
INSERT INTO `preguntas`(`id`,`titulo_id`,`texto`,`epigrafe`,`pagina_pdf`,`pagina_bop`,`explicacion`,`respuesta_correcta`) VALUES (38,2,'Respecto a la organización municipal, ¿qué límite establece el ROM para el número de Áreas de Gobierno y a quién corresponde fijarlas?','Título II. De la Administración del Ayuntamiento – Áreas de Gobierno',72,8992,'El art. 168 establece el tope de diez Áreas y atribuye a la Alcaldía su determinación.','No podrán exceder de diez y corresponde a la Alcaldía determinar su número, denominación, atribuciones y servicios integrados.');
INSERT INTO `opciones`(`id`,`pregunta_id`,`texto`,`es_correcta`) VALUES (149,38,'No hay límite y las fija la Junta de Gobierno Local.',0);
INSERT INTO `opciones`(`id`,`pregunta_id`,`texto`,`es_correcta`) VALUES (150,38,'No podrán exceder de cinco y las fija el Pleno por mayoría cualificada.',0);
INSERT INTO `opciones`(`id`,`pregunta_id`,`texto`,`es_correcta`) VALUES (151,38,'Deben coincidir con el número de comisiones informativas y las decide la oposición.',0);
INSERT INTO `opciones`(`id`,`pregunta_id`,`texto`,`es_correcta`) VALUES (152,38,'No podrán exceder de diez y corresponde a la Alcaldía determinar su número, denominación, atribuciones y servicios integrados.',1);
INSERT INTO `preguntas`(`id`,`titulo_id`,`texto`,`epigrafe`,`pagina_pdf`,`pagina_bop`,`explicacion`,`respuesta_correcta`) VALUES (39,2,'Según la ordenación jerárquica, ¿a quién corresponde la dirección superior de las Áreas de Gobierno?','Título II. De la Administración del Ayuntamiento – Ordenación jerárquica',72,8992,'El art. 170 asigna la dirección superior de las Áreas a las Concejalías Delegadas.','A las Concejalías Delegadas.');
INSERT INTO `opciones`(`id`,`pregunta_id`,`texto`,`es_correcta`) VALUES (153,39,'A las Direcciones Generales exclusivamente.',0);
INSERT INTO `opciones`(`id`,`pregunta_id`,`texto`,`es_correcta`) VALUES (154,39,'A la Intervención General del Ayuntamiento.',0);
INSERT INTO `opciones`(`id`,`pregunta_id`,`texto`,`es_correcta`) VALUES (155,39,'A las Concejalías Delegadas.',1);
INSERT INTO `opciones`(`id`,`pregunta_id`,`texto`,`es_correcta`) VALUES (156,39,'Al Pleno, de forma directa y permanente.',0);
INSERT INTO `preguntas`(`id`,`titulo_id`,`texto`,`epigrafe`,`pagina_pdf`,`pagina_bop`,`explicacion`,`respuesta_correcta`) VALUES (40,1,'En relación con los informes de la Secretaría General del Pleno, ¿cuál es el plazo general para su emisión y qué exclusividad se prevé?','Título I. Del Pleno y sus Comisiones – Informes de Secretaría',50,8970,'El art. 98 fija un plazo de diez días y la exclusividad del informe de legalidad, sin perjuicio del de Intervención en su materia.','El plazo general es de diez días desde que obran los antecedentes; una vez emitido, no cabe otro informe de legalidad de órgano municipal distinto, salvo Intervención en su ámbito.');
INSERT INTO `opciones`(`id`,`pregunta_id`,`texto`,`es_correcta`) VALUES (157,40,'El plazo es de 24 horas; y pueden ser sustituidos por informes de los Grupos Municipales.',0);
INSERT INTO `opciones`(`id`,`pregunta_id`,`texto`,`es_correcta`) VALUES (158,40,'El plazo general es de treinta días; y siempre cabe un informe adicional de Tesorería.',0);
INSERT INTO `opciones`(`id`,`pregunta_id`,`texto`,`es_correcta`) VALUES (159,40,'El plazo general es de diez días desde que obran los antecedentes; una vez emitido, no cabe otro informe de legalidad de órgano municipal distinto, salvo Intervención en su ámbito.',1);
INSERT INTO `opciones`(`id`,`pregunta_id`,`texto`,`es_correcta`) VALUES (160,40,'No hay plazo; y los informes son vinculantes para el Poder Judicial.',0);
INSERT INTO `preguntas`(`id`,`titulo_id`,`texto`,`epigrafe`,`pagina_pdf`,`pagina_bop`,`explicacion`,`respuesta_correcta`) VALUES (41,1,'Según el ROM, ¿qué elementos debe contener el acta de cada sesión plenaria y cuál es el sistema preferente de documentación?','Título I. Del Pleno y sus Comisiones – Sección 2ª. Actas',50,8970,'El art. 99 fija el contenido mínimo del acta y establece la vídeo‑acta como sistema preferente, acompañada de certificación de autenticidad e integridad.','Debe incluir asistentes, orden del día, lugar y tiempo, puntos principales de las deliberaciones y acuerdos; el sistema preferente es la vídeo‑acta.');
INSERT INTO `opciones`(`id`,`pregunta_id`,`texto`,`es_correcta`) VALUES (161,41,'Solo debe incluir el resultado de las votaciones; el sistema preferente es el audio‑acta sin acta escrita.',0);
INSERT INTO `opciones`(`id`,`pregunta_id`,`texto`,`es_correcta`) VALUES (162,41,'Debe incluir preguntas del público; el sistema preferente es acta manuscrita firmada por todos los concejales.',0);
INSERT INTO `opciones`(`id`,`pregunta_id`,`texto`,`es_correcta`) VALUES (163,41,'Debe incluir asistentes, orden del día, lugar y tiempo, puntos principales de las deliberaciones y acuerdos; el sistema preferente es la vídeo‑acta.',1);
INSERT INTO `opciones`(`id`,`pregunta_id`,`texto`,`es_correcta`) VALUES (164,41,'Debe incluir exclusivamente los acuerdos; el sistema preferente es la transcripción literal en papel.',0);
INSERT INTO `preguntas`(`id`,`titulo_id`,`texto`,`epigrafe`,`pagina_pdf`,`pagina_bop`,`explicacion`,`respuesta_correcta`) VALUES (42,1,'¿Cuándo son nulos los acuerdos del Pleno y qué excepción permite tratar asuntos no incluidos en el orden del día?','Título I. Del Pleno y sus Comisiones – Régimen de sesiones',33,8953,'El art. 49 declara la nulidad por tratar asuntos no incluidos salvo especial y previa declaración de urgencia con el quórum de mayoría simple.','Son nulos si se adoptan en sesiones extraordinarias sobre asuntos no incluidos; la excepción es la previa declaración de urgencia con mayoría simple.');
INSERT INTO `opciones`(`id`,`pregunta_id`,`texto`,`es_correcta`) VALUES (165,42,'Son nulos si se vota por nominal; la excepción es una moción de censura.',0);
INSERT INTO `opciones`(`id`,`pregunta_id`,`texto`,`es_correcta`) VALUES (166,42,'Son nulos solo cuando la Secretaría lo dictamine; la excepción es el voto de calidad de la Presidencia.',0);
INSERT INTO `opciones`(`id`,`pregunta_id`,`texto`,`es_correcta`) VALUES (167,42,'Nunca son nulos si hay quorum; la excepción es que exista mayoría absoluta.',0);
INSERT INTO `opciones`(`id`,`pregunta_id`,`texto`,`es_correcta`) VALUES (168,42,'Son nulos si se adoptan en sesiones extraordinarias sobre asuntos no incluidos; la excepción es la previa declaración de urgencia con mayoría simple.',1);
INSERT INTO `preguntas`(`id`,`titulo_id`,`texto`,`epigrafe`,`pagina_pdf`,`pagina_bop`,`explicacion`,`respuesta_correcta`) VALUES (43,1,'¿Qué estructura mínima debe incluirse siempre en el orden del día de las sesiones ordinarias del Pleno?','Título I. Del Pleno y sus Comisiones – Orden del día',33,8953,'El art. 48 exige incluir, en capítulo diferenciado, los expedientes con eficacia jurídica y la parte de impulso y control.','Un capítulo diferenciado con expedientes con eficacia jurídica directa y la parte de impulso, orientación política y control.');
INSERT INTO `opciones`(`id`,`pregunta_id`,`texto`,`es_correcta`) VALUES (169,43,'Únicamente ruegos y preguntas y aprobación del acta anterior.',0);
INSERT INTO `opciones`(`id`,`pregunta_id`,`texto`,`es_correcta`) VALUES (170,43,'Debate general sobre el estado del municipio sin expedientes.',0);
INSERT INTO `opciones`(`id`,`pregunta_id`,`texto`,`es_correcta`) VALUES (171,43,'Solo proposiciones del Gobierno y mociones de la oposición.',0);
INSERT INTO `opciones`(`id`,`pregunta_id`,`texto`,`es_correcta`) VALUES (172,43,'Un capítulo diferenciado con expedientes con eficacia jurídica directa y la parte de impulso, orientación política y control.',1);
INSERT INTO `preguntas`(`id`,`titulo_id`,`texto`,`epigrafe`,`pagina_pdf`,`pagina_bop`,`explicacion`,`respuesta_correcta`) VALUES (44,2,'¿Cuál es el objeto del Título II del ROM respecto al Ayuntamiento de Córdoba?','Título II. Del Gobierno y de la Administración – Capítulo I',61,8981,'El art. 132.1 define el objeto: regular el gobierno y la administración municipal conforme a la legislación de régimen local.','Regular el gobierno y la administración del Ayuntamiento de Córdoba en el marco de la legislación de régimen local.');
INSERT INTO `opciones`(`id`,`pregunta_id`,`texto`,`es_correcta`) VALUES (173,44,'Regular los procesos electorales locales y autonómicos.',0);
INSERT INTO `opciones`(`id`,`pregunta_id`,`texto`,`es_correcta`) VALUES (174,44,'Regular el gobierno y la administración del Ayuntamiento de Córdoba en el marco de la legislación de régimen local.',1);
INSERT INTO `opciones`(`id`,`pregunta_id`,`texto`,`es_correcta`) VALUES (175,44,'Fijar el régimen sancionador tributario municipal.',0);
INSERT INTO `opciones`(`id`,`pregunta_id`,`texto`,`es_correcta`) VALUES (176,44,'Establecer el padrón municipal y el inventario de bienes.',0);
INSERT INTO `preguntas`(`id`,`titulo_id`,`texto`,`epigrafe`,`pagina_pdf`,`pagina_bop`,`explicacion`,`respuesta_correcta`) VALUES (45,2,'Conforme a los principios generales del Título II, ¿cómo debe servir la Administración municipal y qué valores debe garantizar?','Título II. Del Gobierno y de la Administración – Capítulo I',61,8981,'El art. 133 recoge objetividad, eficacia, calidad, transparencia y coordinación con otras administraciones.','Debe servir con objetividad y eficacia los intereses generales, garantizando calidad y transparencia, y promoviendo coordinación y colaboración interadministrativa.');
INSERT INTO `opciones`(`id`,`pregunta_id`,`texto`,`es_correcta`) VALUES (177,45,'Debe priorizar la confidencialidad absoluta sobre la transparencia y actuar solo por silencio administrativo.',0);
INSERT INTO `opciones`(`id`,`pregunta_id`,`texto`,`es_correcta`) VALUES (178,45,'Debe atender solo órdenes del Pleno y no coordinarse con otras administraciones.',0);
INSERT INTO `opciones`(`id`,`pregunta_id`,`texto`,`es_correcta`) VALUES (179,45,'Debe centrarse en reducir costes sin consideración a la legalidad o a la ciudadanía.',0);
INSERT INTO `opciones`(`id`,`pregunta_id`,`texto`,`es_correcta`) VALUES (180,45,'Debe servir con objetividad y eficacia los intereses generales, garantizando calidad y transparencia, y promoviendo coordinación y colaboración interadministrativa.',1);
INSERT INTO `preguntas`(`id`,`titulo_id`,`texto`,`epigrafe`,`pagina_pdf`,`pagina_bop`,`explicacion`,`respuesta_correcta`) VALUES (46,2,'¿Cómo define el ROM la naturaleza de la Junta de Gobierno Local?','Título II. Del Gobierno y de la Administración – Junta de Gobierno Local',66,8986,'El art. 147 caracteriza a la Junta de Gobierno Local como órgano colegiado ejecutivo que colabora en la dirección política.','Órgano que, bajo la presidencia de la Alcaldía, colabora colegiadamente en la dirección política y ejerce funciones ejecutivas y administrativas.');
INSERT INTO `opciones`(`id`,`pregunta_id`,`texto`,`es_correcta`) VALUES (181,46,'Órgano exclusivamente consultivo sin capacidad ejecutiva.',0);
INSERT INTO `opciones`(`id`,`pregunta_id`,`texto`,`es_correcta`) VALUES (182,46,'Órgano que, bajo la presidencia de la Alcaldía, colabora colegiadamente en la dirección política y ejerce funciones ejecutivas y administrativas.',1);
INSERT INTO `opciones`(`id`,`pregunta_id`,`texto`,`es_correcta`) VALUES (183,46,'Órgano que sustituye al Pleno en todas sus competencias normativas.',0);
INSERT INTO `opciones`(`id`,`pregunta_id`,`texto`,`es_correcta`) VALUES (184,46,'Órgano de control jurisdiccional de los acuerdos del Pleno.',0);
INSERT INTO `preguntas`(`id`,`titulo_id`,`texto`,`epigrafe`,`pagina_pdf`,`pagina_bop`,`explicacion`,`respuesta_correcta`) VALUES (47,2,'¿Quién nombra y separa a los miembros de la Junta de Gobierno Local y cuál es el límite máximo de su número?','Título II. Del Gobierno y de la Administración – Junta de Gobierno Local',66,8986,'El art. 148 atribuye a la Alcaldía el nombramiento y cese; fija el límite de un tercio del Pleno, además de la Alcaldía.','La Alcaldía los nombra y separa libremente; su número no puede exceder de un tercio del número legal de miembros del Pleno, además de la Alcaldía.');
INSERT INTO `opciones`(`id`,`pregunta_id`,`texto`,`es_correcta`) VALUES (185,47,'Los nombra Intervención; el máximo es de dos miembros.',0);
INSERT INTO `opciones`(`id`,`pregunta_id`,`texto`,`es_correcta`) VALUES (186,47,'La Secretaría General del Pleno los designa; no hay límite numérico.',0);
INSERT INTO `opciones`(`id`,`pregunta_id`,`texto`,`es_correcta`) VALUES (187,47,'La Alcaldía los nombra y separa libremente; su número no puede exceder de un tercio del número legal de miembros del Pleno, además de la Alcaldía.',1);
INSERT INTO `opciones`(`id`,`pregunta_id`,`texto`,`es_correcta`) VALUES (188,47,'El Pleno los elige por sorteo; su número es la mitad de los concejales.',0);
INSERT INTO `preguntas`(`id`,`titulo_id`,`texto`,`epigrafe`,`pagina_pdf`,`pagina_bop`,`explicacion`,`respuesta_correcta`) VALUES (48,2,'Respecto a la organización municipal, ¿qué límite establece el ROM para el número de Áreas de Gobierno y a quién corresponde fijarlas?','Título II. De la Administración del Ayuntamiento – Áreas de Gobierno',72,8992,'El art. 168 establece el tope de diez Áreas y atribuye a la Alcaldía su determinación.','No podrán exceder de diez y corresponde a la Alcaldía determinar su número, denominación, atribuciones y servicios integrados.');
INSERT INTO `opciones`(`id`,`pregunta_id`,`texto`,`es_correcta`) VALUES (189,48,'No hay límite y las fija la Junta de Gobierno Local.',0);
INSERT INTO `opciones`(`id`,`pregunta_id`,`texto`,`es_correcta`) VALUES (190,48,'No podrán exceder de cinco y las fija el Pleno por mayoría cualificada.',0);
INSERT INTO `opciones`(`id`,`pregunta_id`,`texto`,`es_correcta`) VALUES (191,48,'Deben coincidir con el número de comisiones informativas y las decide la oposición.',0);
INSERT INTO `opciones`(`id`,`pregunta_id`,`texto`,`es_correcta`) VALUES (192,48,'No podrán exceder de diez y corresponde a la Alcaldía determinar su número, denominación, atribuciones y servicios integrados.',1);
INSERT INTO `preguntas`(`id`,`titulo_id`,`texto`,`epigrafe`,`pagina_pdf`,`pagina_bop`,`explicacion`,`respuesta_correcta`) VALUES (49,2,'Según la ordenación jerárquica, ¿a quién corresponde la dirección superior de las Áreas de Gobierno?','Título II. De la Administración del Ayuntamiento – Ordenación jerárquica',72,8992,'El art. 170 asigna la dirección superior de las Áreas a las Concejalías Delegadas.','A las Concejalías Delegadas.');
INSERT INTO `opciones`(`id`,`pregunta_id`,`texto`,`es_correcta`) VALUES (193,49,'A las Direcciones Generales exclusivamente.',0);
INSERT INTO `opciones`(`id`,`pregunta_id`,`texto`,`es_correcta`) VALUES (194,49,'A la Intervención General del Ayuntamiento.',0);
INSERT INTO `opciones`(`id`,`pregunta_id`,`texto`,`es_correcta`) VALUES (195,49,'A las Concejalías Delegadas.',1);
INSERT INTO `opciones`(`id`,`pregunta_id`,`texto`,`es_correcta`) VALUES (196,49,'Al Pleno, de forma directa y permanente.',0);
INSERT INTO `preguntas`(`id`,`titulo_id`,`texto`,`epigrafe`,`pagina_pdf`,`pagina_bop`,`explicacion`,`respuesta_correcta`) VALUES (50,1,'En relación con los informes de la Secretaría General del Pleno, ¿cuál es el plazo general para su emisión y qué exclusividad se prevé?','Título I. Del Pleno y sus Comisiones – Informes de Secretaría',50,8970,'El art. 98 fija un plazo de diez días y la exclusividad del informe de legalidad, sin perjuicio del de Intervención en su materia.','El plazo general es de diez días desde que obran los antecedentes; una vez emitido, no cabe otro informe de legalidad de órgano municipal distinto, salvo Intervención en su ámbito.');
INSERT INTO `opciones`(`id`,`pregunta_id`,`texto`,`es_correcta`) VALUES (197,50,'El plazo es de 24 horas; y pueden ser sustituidos por informes de los Grupos Municipales.',0);
INSERT INTO `opciones`(`id`,`pregunta_id`,`texto`,`es_correcta`) VALUES (198,50,'El plazo general es de treinta días; y siempre cabe un informe adicional de Tesorería.',0);
INSERT INTO `opciones`(`id`,`pregunta_id`,`texto`,`es_correcta`) VALUES (199,50,'El plazo general es de diez días desde que obran los antecedentes; una vez emitido, no cabe otro informe de legalidad de órgano municipal distinto, salvo Intervención en su ámbito.',1);
INSERT INTO `opciones`(`id`,`pregunta_id`,`texto`,`es_correcta`) VALUES (200,50,'No hay plazo; y los informes son vinculantes para el Poder Judicial.',0);
INSERT INTO `preguntas`(`id`,`titulo_id`,`texto`,`epigrafe`,`pagina_pdf`,`pagina_bop`,`explicacion`,`respuesta_correcta`) VALUES (51,1,'En cuanto a las Direcciones Generales…','1. En el marco de lo dispuesto por la Legislación de Régimen Local, el presente Título tiene por – CAPÍTULO I. DISPOSICIONES GENERALES',1,62,'Naturaleza de dirección profesional/administrativa.','Desempeñan funciones directivas profesionales bajo dependencia del órgano político competente.');
INSERT INTO `opciones`(`id`,`pregunta_id`,`texto`,`es_correcta`) VALUES (201,51,'Se eligen por sufragio universal.',0);
INSERT INTO `opciones`(`id`,`pregunta_id`,`texto`,`es_correcta`) VALUES (202,51,'Sustituyen al Pleno en sus funciones normativas.',0);
INSERT INTO `opciones`(`id`,`pregunta_id`,`texto`,`es_correcta`) VALUES (203,51,'Desempeñan funciones directivas profesionales bajo dependencia del órgano político competente.',1);
INSERT INTO `opciones`(`id`,`pregunta_id`,`texto`,`es_correcta`) VALUES (204,51,'Ejerce gobierno político directo.',0);
INSERT INTO `preguntas`(`id`,`titulo_id`,`texto`,`epigrafe`,`pagina_pdf`,`pagina_bop`,`explicacion`,`respuesta_correcta`) VALUES (52,1,'La Intervención municipal ejerce…','de CórdobaEl Título I regula el Estatuto de las personas titulares de las Concejalías, los Grupos Municipales,',1,14,'Papel de Intervención según normativa.','Control interno y fiscalización de la gestión económico‑financiera y presupuestaria.');
INSERT INTO `opciones`(`id`,`pregunta_id`,`texto`,`es_correcta`) VALUES (205,52,'Representación de los grupos.',0);
INSERT INTO `opciones`(`id`,`pregunta_id`,`texto`,`es_correcta`) VALUES (206,52,'Control interno y fiscalización de la gestión económico‑financiera y presupuestaria.',1);
INSERT INTO `opciones`(`id`,`pregunta_id`,`texto`,`es_correcta`) VALUES (207,52,'Funciones jurisdiccionales.',0);
INSERT INTO `opciones`(`id`,`pregunta_id`,`texto`,`es_correcta`) VALUES (208,52,'Coordinación del debate plenario.',0);
INSERT INTO `preguntas`(`id`,`titulo_id`,`texto`,`epigrafe`,`pagina_pdf`,`pagina_bop`,`explicacion`,`respuesta_correcta`) VALUES (53,1,'Los informes preceptivos…',NULL,1,1,'Carácter preceptivo y momento procedimental.','Deben emitirse antes de la adopción de acuerdos y formar parte del expediente.');
INSERT INTO `opciones`(`id`,`pregunta_id`,`texto`,`es_correcta`) VALUES (209,53,'Pueden emitirse después del acuerdo.',0);
INSERT INTO `opciones`(`id`,`pregunta_id`,`texto`,`es_correcta`) VALUES (210,53,'Deben emitirse antes de la adopción de acuerdos y formar parte del expediente.',1);
INSERT INTO `opciones`(`id`,`pregunta_id`,`texto`,`es_correcta`) VALUES (211,53,'Se sustituyen por providencias.',0);
INSERT INTO `opciones`(`id`,`pregunta_id`,`texto`,`es_correcta`) VALUES (212,53,'No son parte del expediente.',0);
INSERT INTO `preguntas`(`id`,`titulo_id`,`texto`,`epigrafe`,`pagina_pdf`,`pagina_bop`,`explicacion`,`respuesta_correcta`) VALUES (54,1,'En caso de discrepancia entre un informe de Secretaría y uno de Intervención…',NULL,1,1,'Régimen de resolución de discrepancias en informes preceptivos.','El órgano competente puede adoptar la decisión, motivando su discrepancia, conforme a la legislación de régimen local.');
INSERT INTO `opciones`(`id`,`pregunta_id`,`texto`,`es_correcta`) VALUES (213,54,'Prevalece siempre Intervención.',0);
INSERT INTO `opciones`(`id`,`pregunta_id`,`texto`,`es_correcta`) VALUES (214,54,'Prevalece siempre el Alcalde.',0);
INSERT INTO `opciones`(`id`,`pregunta_id`,`texto`,`es_correcta`) VALUES (215,54,'El órgano competente puede adoptar la decisión, motivando su discrepancia, conforme a la legislación de régimen local.',1);
INSERT INTO `opciones`(`id`,`pregunta_id`,`texto`,`es_correcta`) VALUES (216,54,'Se remite a la Junta de Portavoces.',0);
INSERT INTO `preguntas`(`id`,`titulo_id`,`texto`,`epigrafe`,`pagina_pdf`,`pagina_bop`,`explicacion`,`respuesta_correcta`) VALUES (55,1,'Las delegaciones de Alcaldía deben formalizarse mediante…','Artículo 23. De la constitución y funcionamiento orgánico.',1,1,'Requisito de forma para las delegaciones de Alcaldía.','Decreto de la Alcaldía, dando cuenta al Pleno.');
INSERT INTO `opciones`(`id`,`pregunta_id`,`texto`,`es_correcta`) VALUES (217,55,'Acuerdo verbal en Pleno.',0);
INSERT INTO `opciones`(`id`,`pregunta_id`,`texto`,`es_correcta`) VALUES (218,55,'Decreto de la Alcaldía, dando cuenta al Pleno.',1);
INSERT INTO `opciones`(`id`,`pregunta_id`,`texto`,`es_correcta`) VALUES (219,55,'Voto en contra de la Junta de Gobierno Local.',0);
INSERT INTO `opciones`(`id`,`pregunta_id`,`texto`,`es_correcta`) VALUES (220,55,'Informe favorable de Tesorería.',0);
INSERT INTO `preguntas`(`id`,`titulo_id`,`texto`,`epigrafe`,`pagina_pdf`,`pagina_bop`,`explicacion`,`respuesta_correcta`) VALUES (56,1,'En cuanto al Estatuto de los miembros de la Corporación…','Artículo 23. De la constitución y funcionamiento orgánico.',1,1,'Alcance del Estatuto de los miembros de la Corporación.','Incluye derechos y deberes, y regula el régimen de dedicación y retribuciones.');
INSERT INTO `opciones`(`id`,`pregunta_id`,`texto`,`es_correcta`) VALUES (221,56,'Solo se aplica a la Alcaldía.',0);
INSERT INTO `opciones`(`id`,`pregunta_id`,`texto`,`es_correcta`) VALUES (222,56,'Incluye derechos y deberes, y regula el régimen de dedicación y retribuciones.',1);
INSERT INTO `opciones`(`id`,`pregunta_id`,`texto`,`es_correcta`) VALUES (223,56,'Solo regula la incompatibilidad con el sector privado.',0);
INSERT INTO `opciones`(`id`,`pregunta_id`,`texto`,`es_correcta`) VALUES (224,56,'Es determinado por la Comunidad Autónoma.',0);
INSERT INTO `preguntas`(`id`,`titulo_id`,`texto`,`epigrafe`,`pagina_pdf`,`pagina_bop`,`explicacion`,`respuesta_correcta`) VALUES (57,1,'El régimen de control y fiscalización del Pleno se basa en…','Artículo 23. De la constitución y funcionamiento orgánico.',1,1,'Finalidad del control y fiscalización del Pleno.','El debate público y la exigencia de responsabilidad política.');
INSERT INTO `opciones`(`id`,`pregunta_id`,`texto`,`es_correcta`) VALUES (225,57,'La prohibición de toda fiscalización.',0);
INSERT INTO `opciones`(`id`,`pregunta_id`,`texto`,`es_correcta`) VALUES (226,57,'El debate público y la exigencia de responsabilidad política.',1);
INSERT INTO `opciones`(`id`,`pregunta_id`,`texto`,`es_correcta`) VALUES (227,57,'La exclusividad de los informes de la Delegación del Gobierno.',0);
INSERT INTO `opciones`(`id`,`pregunta_id`,`texto`,`es_correcta`) VALUES (228,57,'La limitación a asuntos de menos de 1000 euros.',0);
INSERT INTO `preguntas`(`id`,`titulo_id`,`texto`,`epigrafe`,`pagina_pdf`,`pagina_bop`,`explicacion`,`respuesta_correcta`) VALUES (58,1,'La constitución de las Comisiones del Pleno…','Artículo 23. De la constitución y funcionamiento orgánico.',1,1,'Régimen de composición proporcional de las Comisiones.','Se ajusta al principio de proporcionalidad de los Grupos Municipales, conforme a la legislación de régimen local.');
INSERT INTO `opciones`(`id`,`pregunta_id`,`texto`,`es_correcta`) VALUES (229,58,'Se realiza por el Alcalde sin intervención del Pleno.',0);
INSERT INTO `opciones`(`id`,`pregunta_id`,`texto`,`es_correcta`) VALUES (230,58,'Se ajusta al principio de proporcionalidad de los Grupos Municipales, conforme a la legislación de régimen local.',1);
INSERT INTO `opciones`(`id`,`pregunta_id`,`texto`,`es_correcta`) VALUES (231,58,'Requiere la unanimidad de todos los concejales.',0);
INSERT INTO `opciones`(`id`,`pregunta_id`,`texto`,`es_correcta`) VALUES (232,58,'Es anual y no puede ser modificada.',0);
INSERT INTO `preguntas`(`id`,`titulo_id`,`texto`,`epigrafe`,`pagina_pdf`,`pagina_bop`,`explicacion`,`respuesta_correcta`) VALUES (59,1,'El sistema de información a los concejales…','Artículo 23. De la constitución y funcionamiento orgánico.',1,1,'Derecho a la información de los concejales.','Debe ser eficaz, suficiente y con antelación suficiente para el ejercicio de sus funciones.');
INSERT INTO `opciones`(`id`,`pregunta_id`,`texto`,`es_correcta`) VALUES (233,59,'Es exclusivamente verbal en la sesión.',0);
INSERT INTO `opciones`(`id`,`pregunta_id`,`texto`,`es_correcta`) VALUES (234,59,'Debe ser eficaz, suficiente y con antelación suficiente para el ejercicio de sus funciones.',1);
INSERT INTO `opciones`(`id`,`pregunta_id`,`texto`,`es_correcta`) VALUES (235,59,'Solo se refiere a asuntos del Gobierno.',0);
INSERT INTO `opciones`(`id`,`pregunta_id`,`texto`,`es_correcta`) VALUES (236,59,'Requiere autorización judicial previa.',0);
INSERT INTO `preguntas`(`id`,`titulo_id`,`texto`,`epigrafe`,`pagina_pdf`,`pagina_bop`,`explicacion`,`respuesta_correcta`) VALUES (60,1,'En materia de conflicto de intereses, el ROM prevé que…','Artículo 23. De la constitución y funcionamiento orgánico.',1,1,'Régimen de abstención por conflicto de intereses.','El concejal debe abstenerse de intervenir y votar en asuntos con interés directo o indirecto.');
INSERT INTO `opciones`(`id`,`pregunta_id`,`texto`,`es_correcta`) VALUES (237,60,'Es irrelevante para la votación.',0);
INSERT INTO `opciones`(`id`,`pregunta_id`,`texto`,`es_correcta`) VALUES (238,60,'El concejal debe abstenerse de intervenir y votar en asuntos con interés directo o indirecto.',1);
INSERT INTO `opciones`(`id`,`pregunta_id`,`texto`,`es_correcta`) VALUES (239,60,'Solo aplica a la Alcaldía.',0);
INSERT INTO `opciones`(`id`,`pregunta_id`,`texto`,`es_correcta`) VALUES (240,60,'Basta con una declaración verbal.',0);
INSERT INTO `preguntas`(`id`,`titulo_id`,`texto`,`epigrafe`,`pagina_pdf`,`pagina_bop`,`explicacion`,`respuesta_correcta`) VALUES (61,1,'Las Comisiones del Pleno pueden ser…','Artículo 23. De la constitución y funcionamiento orgánico.',1,1,'Tipología de Comisiones del Pleno.','Permanentes, especiales y no permanentes, con las funciones que determine el Pleno.');
INSERT INTO `opciones`(`id`,`pregunta_id`,`texto`,`es_correcta`) VALUES (241,61,'Solo permanentes.',0);
INSERT INTO `opciones`(`id`,`pregunta_id`,`texto`,`es_correcta`) VALUES (242,61,'Permanentes, especiales y no permanentes, con las funciones que determine el Pleno.',1);
INSERT INTO `opciones`(`id`,`pregunta_id`,`texto`,`es_correcta`) VALUES (243,61,'Solo de gestión.',0);
INSERT INTO `opciones`(`id`,`pregunta_id`,`texto`,`es_correcta`) VALUES (244,61,'Solo de secretaría.',0);
INSERT INTO `preguntas`(`id`,`titulo_id`,`texto`,`epigrafe`,`pagina_pdf`,`pagina_bop`,`explicacion`,`respuesta_correcta`) VALUES (62,1,'El Alcalde, como Presidente de la Corporación…','Artículo 23. De la constitución y funcionamiento orgánico.',1,1,'Atribuciones y naturaleza de la Alcaldía.','Ostenta la máxima representación, dirección del Gobierno y la Administración y preside los órganos colegiados de los que forma parte.');
INSERT INTO `opciones`(`id`,`pregunta_id`,`texto`,`es_correcta`) VALUES (245,62,'Tiene voto de calidad en todas las votaciones.',0);
INSERT INTO `opciones`(`id`,`pregunta_id`,`texto`,`es_correcta`) VALUES (246,62,'Ostenta la máxima representación, dirección del Gobierno y la Administración y preside los órganos colegiados de los que forma parte.',1);
INSERT INTO `opciones`(`id`,`pregunta_id`,`texto`,`es_correcta`) VALUES (247,62,'Es elegido por la Junta de Gobierno Local.',0);
INSERT INTO `opciones`(`id`,`pregunta_id`,`texto`,`es_correcta`) VALUES (248,62,'No puede delegar ninguna de sus atribuciones.',0);
INSERT INTO `preguntas`(`id`,`titulo_id`,`texto`,`epigrafe`,`pagina_pdf`,`pagina_bop`,`explicacion`,`respuesta_correcta`) VALUES (63,1,'La Junta de Gobierno Local, por delegación, puede tener atribuciones…','Artículo 23. De la constitución y funcionamiento orgánico.',1,1,'Ámbito de las delegaciones en la JGL.','Delegables de la Alcaldía y del Pleno, si este lo autoriza.');
INSERT INTO `opciones`(`id`,`pregunta_id`,`texto`,`es_correcta`) VALUES (249,63,'Solo normativas.',0);
INSERT INTO `opciones`(`id`,`pregunta_id`,`texto`,`es_correcta`) VALUES (250,63,'Delegables de la Alcaldía y del Pleno, si este lo autoriza.',1);
INSERT INTO `opciones`(`id`,`pregunta_id`,`texto`,`es_correcta`) VALUES (251,63,'Solo consultivas.',0);
INSERT INTO `opciones`(`id`,`pregunta_id`,`texto`,`es_correcta`) VALUES (252,63,'Exclusivamente relativas al Presupuesto.',0);
INSERT INTO `preguntas`(`id`,`titulo_id`,`texto`,`epigrafe`,`pagina_pdf`,`pagina_bop`,`explicacion`,`respuesta_correcta`) VALUES (64,1,'El régimen de publicidad de las sesiones de la Junta de Gobierno Local es…','Artículo 23. De la constitución y funcionamiento orgánico.',1,1,'Carácter no público de las sesiones de la JGL.','No público, sin perjuicio de la publicidad de los acuerdos adoptados.');
INSERT INTO `opciones`(`id`,`pregunta_id`,`texto`,`es_correcta`) VALUES (253,64,'Siempre público.',0);
INSERT INTO `opciones`(`id`,`pregunta_id`,`texto`,`es_correcta`) VALUES (254,64,'No público, sin perjuicio de la publicidad de los acuerdos adoptados.',1);
INSERT INTO `opciones`(`id`,`pregunta_id`,`texto`,`es_correcta`) VALUES (255,64,'Depende de la urgencia.',0);
INSERT INTO `opciones`(`id`,`pregunta_id`,`texto`,`es_correcta`) VALUES (256,64,'Exclusivamente para el Alcalde.',0);
INSERT INTO `preguntas`(`id`,`titulo_id`,`texto`,`epigrafe`,`pagina_pdf`,`pagina_bop`,`explicacion`,`respuesta_correcta`) VALUES (65,1,'En el debate de las mociones…','Artículo 23. De la constitución y funcionamiento orgánico.',1,1,'Régimen de debate y ordenación de la Presidencia.','Se ajusta al tiempo de intervención establecido en el ROM y la Presidencia garantiza la ordenación.');
INSERT INTO `opciones`(`id`,`pregunta_id`,`texto`,`es_correcta`) VALUES (257,65,'No hay límite de tiempo.',0);
INSERT INTO `opciones`(`id`,`pregunta_id`,`texto`,`es_correcta`) VALUES (258,65,'Se ajusta al tiempo de intervención establecido en el ROM y la Presidencia garantiza la ordenación.',1);
INSERT INTO `opciones`(`id`,`pregunta_id`,`texto`,`es_correcta`) VALUES (259,65,'Solo pueden intervenir los proponentes.',0);
INSERT INTO `opciones`(`id`,`pregunta_id`,`texto`,`es_correcta`) VALUES (260,65,'La Presidencia está obligada a votar siempre.',0);
INSERT INTO `preguntas`(`id`,`titulo_id`,`texto`,`epigrafe`,`pagina_pdf`,`pagina_bop`,`explicacion`,`respuesta_correcta`) VALUES (66,1,'El régimen de sesiones de la JGL es…','Artículo 23. De la constitución y funcionamiento orgánico.',1,1,'Clases de sesiones de la JGL y competencia del Alcalde.','Ordinario y extraordinario, y el Alcalde fija la periodicidad de las ordinarias.');
INSERT INTO `opciones`(`id`,`pregunta_id`,`texto`,`es_correcta`) VALUES (261,66,'Solo ordinario.',0);
INSERT INTO `opciones`(`id`,`pregunta_id`,`texto`,`es_correcta`) VALUES (262,66,'Ordinario y extraordinario, y el Alcalde fija la periodicidad de las ordinarias.',1);
INSERT INTO `opciones`(`id`,`pregunta_id`,`texto`,`es_correcta`) VALUES (263,66,'Lo fija el Pleno.',0);
INSERT INTO `opciones`(`id`,`pregunta_id`,`texto`,`es_correcta`) VALUES (264,66,'Diario y secreto.',0);
INSERT INTO `preguntas`(`id`,`titulo_id`,`texto`,`epigrafe`,`pagina_pdf`,`pagina_bop`,`explicacion`,`respuesta_correcta`) VALUES (67,1,'La Secretaría General del Pleno tiene, entre otras, funciones de…','Artículo 23. De la constitución y funcionamiento orgánico.',1,1,'Funciones esenciales de la Secretaría General del Pleno.','Asesoramiento legal, fe pública y asistencia a los órganos colegiados del Pleno y de la JGL.');
INSERT INTO `opciones`(`id`,`pregunta_id`,`texto`,`es_correcta`) VALUES (265,67,'Jefe de la policía local.',0);
INSERT INTO `opciones`(`id`,`pregunta_id`,`texto`,`es_correcta`) VALUES (266,67,'Asesoramiento legal, fe pública y asistencia a los órganos colegiados del Pleno y de la JGL.',1);
INSERT INTO `opciones`(`id`,`pregunta_id`,`texto`,`es_correcta`) VALUES (267,67,'Gestión de las obras públicas.',0);
INSERT INTO `opciones`(`id`,`pregunta_id`,`texto`,`es_correcta`) VALUES (268,67,'Recaudación de impuestos.',0);
INSERT INTO `preguntas`(`id`,`titulo_id`,`texto`,`epigrafe`,`pagina_pdf`,`pagina_bop`,`explicacion`,`respuesta_correcta`) VALUES (68,1,'El régimen de intervención en el Pleno establece que…','Artículo 23. De la constitución y funcionamiento orgánico.',1,1,'Límites y principios de las intervenciones en el Pleno.','Las intervenciones deben ser sobre el punto del orden del día y con respeto a la Presidencia y al Reglamento.');
INSERT INTO `opciones`(`id`,`pregunta_id`,`texto`,`es_correcta`) VALUES (269,68,'Solo pueden intervenir los concejales en el Gobierno.',0);
INSERT INTO `opciones`(`id`,`pregunta_id`,`texto`,`es_correcta`) VALUES (270,68,'Las intervenciones deben ser sobre el punto del orden del día y con respeto a la Presidencia y al Reglamento.',1);
INSERT INTO `opciones`(`id`,`pregunta_id`,`texto`,`es_correcta`) VALUES (271,68,'Cualquier persona puede intervenir sin límite.',0);
INSERT INTO `opciones`(`id`,`pregunta_id`,`texto`,`es_correcta`) VALUES (272,68,'Se prohíben las alusiones a otros concejales.',0);
INSERT INTO `preguntas`(`id`,`titulo_id`,`texto`,`epigrafe`,`pagina_pdf`,`pagina_bop`,`explicacion`,`respuesta_correcta`) VALUES (69,1,'Los concejales no adscritos…','Artículo 23. De la constitución y funcionamiento orgánico.',1,1,'Régimen de los concejales no adscritos.','No se integran en Grupos y tienen derechos limitados según el ROM, sin privilegios económicos.');
INSERT INTO `opciones`(`id`,`pregunta_id`,`texto`,`es_correcta`) VALUES (273,69,'Se integran automáticamente en el Grupo Político más votado.',0);
INSERT INTO `opciones`(`id`,`pregunta_id`,`texto`,`es_correcta`) VALUES (274,69,'No se integran en Grupos y tienen derechos limitados según el ROM, sin privilegios económicos.',1);
INSERT INTO `opciones`(`id`,`pregunta_id`,`texto`,`es_correcta`) VALUES (275,69,'Pueden formar un nuevo Grupo Político en cualquier momento.',0);
INSERT INTO `opciones`(`id`,`pregunta_id`,`texto`,`es_correcta`) VALUES (276,69,'Ostentan todas las atribuciones de un Grupo Político normal.',0);
INSERT INTO `preguntas`(`id`,`titulo_id`,`texto`,`epigrafe`,`pagina_pdf`,`pagina_bop`,`explicacion`,`respuesta_correcta`) VALUES (70,1,'La Comisión Especial de Cuentas…','Artículo 23. De la constitución y funcionamiento orgánico.',1,1,'Naturaleza preceptiva y función de la Comisión de Cuentas.','Es preceptiva y se compone con criterios de proporcionalidad para el examen y dictamen de las cuentas anuales.');
INSERT INTO `opciones`(`id`,`pregunta_id`,`texto`,`es_correcta`) VALUES (277,70,'Es facultativa.',0);
INSERT INTO `opciones`(`id`,`pregunta_id`,`texto`,`es_correcta`) VALUES (278,70,'Es preceptiva y se compone con criterios de proporcionalidad para el examen y dictamen de las cuentas anuales.',1);
INSERT INTO `opciones`(`id`,`pregunta_id`,`texto`,`es_correcta`) VALUES (279,70,'Sustituye a la Intervención.',0);
INSERT INTO `opciones`(`id`,`pregunta_id`,`texto`,`es_correcta`) VALUES (280,70,'Solo se reúne una vez cada cuatro años.',0);
INSERT INTO `preguntas`(`id`,`titulo_id`,`texto`,`epigrafe`,`pagina_pdf`,`pagina_bop`,`explicacion`,`respuesta_correcta`) VALUES (71,1,'Según el ROM, ¿qué elementos debe contener el acta de cada sesión plenaria y cuál es el sistema preferente de documentación?','Título I. Del Pleno y sus Comisiones – Sección 2ª. Actas',50,8970,'El art. 99 fija el contenido mínimo del acta y establece la vídeo‑acta como sistema preferente, acompañada de certificación de autenticidad e integridad.','Debe incluir asistentes, orden del día, lugar y tiempo, puntos principales de las deliberaciones y acuerdos; el sistema preferente es la vídeo‑acta.');
INSERT INTO `opciones`(`id`,`pregunta_id`,`texto`,`es_correcta`) VALUES (281,71,'Solo debe incluir el resultado de las votaciones; el sistema preferente es el audio‑acta sin acta escrita.',0);
INSERT INTO `opciones`(`id`,`pregunta_id`,`texto`,`es_correcta`) VALUES (282,71,'Debe incluir preguntas del público; el sistema preferente es acta manuscrita firmada por todos los concejales.',0);
INSERT INTO `opciones`(`id`,`pregunta_id`,`texto`,`es_correcta`) VALUES (283,71,'Debe incluir asistentes, orden del día, lugar y tiempo, puntos principales de las deliberaciones y acuerdos; el sistema preferente es la vídeo‑acta.',1);
INSERT INTO `opciones`(`id`,`pregunta_id`,`texto`,`es_correcta`) VALUES (284,71,'Debe incluir exclusivamente los acuerdos; el sistema preferente es la transcripción literal en papel.',0);
INSERT INTO `preguntas`(`id`,`titulo_id`,`texto`,`epigrafe`,`pagina_pdf`,`pagina_bop`,`explicacion`,`respuesta_correcta`) VALUES (72,1,'¿Cuándo son nulos los acuerdos del Pleno y qué excepción permite tratar asuntos no incluidos en el orden del día?','Título I. Del Pleno y sus Comisiones – Régimen de sesiones',33,8953,'El art. 49 declara la nulidad por tratar asuntos no incluidos salvo especial y previa declaración de urgencia con el quórum de mayoría simple.','Son nulos si se adoptan en sesiones extraordinarias sobre asuntos no incluidos; la excepción es la previa declaración de urgencia con mayoría simple.');
INSERT INTO `opciones`(`id`,`pregunta_id`,`texto`,`es_correcta`) VALUES (285,72,'Son nulos si se vota por nominal; la excepción es una moción de censura.',0);
INSERT INTO `opciones`(`id`,`pregunta_id`,`texto`,`es_correcta`) VALUES (286,72,'Son nulos solo cuando la Secretaría lo dictamine; la excepción es el voto de calidad de la Presidencia.',0);
INSERT INTO `opciones`(`id`,`pregunta_id`,`texto`,`es_correcta`) VALUES (287,72,'Nunca son nulos si hay quorum; la excepción es que exista mayoría absoluta.',0);
INSERT INTO `opciones`(`id`,`pregunta_id`,`texto`,`es_correcta`) VALUES (288,72,'Son nulos si se adoptan en sesiones extraordinarias sobre asuntos no incluidos; la excepción es la previa declaración de urgencia con mayoría simple.',1);
INSERT INTO `preguntas`(`id`,`titulo_id`,`texto`,`epigrafe`,`pagina_pdf`,`pagina_bop`,`explicacion`,`respuesta_correcta`) VALUES (73,1,'¿Qué estructura mínima debe incluirse siempre en el orden del día de las sesiones ordinarias del Pleno?','Título I. Del Pleno y sus Comisiones – Orden del día',33,8953,'El art. 48 exige incluir, en capítulo diferenciado, los expedientes con eficacia jurídica y la parte de impulso y control.','Un capítulo diferenciado con expedientes con eficacia jurídica directa y la parte de impulso, orientación política y control.');
INSERT INTO `opciones`(`id`,`pregunta_id`,`texto`,`es_correcta`) VALUES (289,73,'Únicamente ruegos y preguntas y aprobación del acta anterior.',0);
INSERT INTO `opciones`(`id`,`pregunta_id`,`texto`,`es_correcta`) VALUES (290,73,'Debate general sobre el estado del municipio sin expedientes.',0);
INSERT INTO `opciones`(`id`,`pregunta_id`,`texto`,`es_correcta`) VALUES (291,73,'Solo proposiciones del Gobierno y mociones de la oposición.',0);
INSERT INTO `opciones`(`id`,`pregunta_id`,`texto`,`es_correcta`) VALUES (292,73,'Un capítulo diferenciado con expedientes con eficacia jurídica directa y la parte de impulso, orientación política y control.',1);
INSERT INTO `preguntas`(`id`,`titulo_id`,`texto`,`epigrafe`,`pagina_pdf`,`pagina_bop`,`explicacion`,`respuesta_correcta`) VALUES (74,2,'¿Cuál es el objeto del Título II del ROM respecto al Ayuntamiento de Córdoba?','Título II. Del Gobierno y de la Administración – Capítulo I',61,8981,'El art. 132.1 define el objeto: regular el gobierno y la administración municipal conforme a la legislación de régimen local.','Regular el gobierno y la administración del Ayuntamiento de Córdoba en el marco de la legislación de régimen local.');
INSERT INTO `opciones`(`id`,`pregunta_id`,`texto`,`es_correcta`) VALUES (293,74,'Regular los procesos electorales locales y autonómicos.',0);
INSERT INTO `opciones`(`id`,`pregunta_id`,`texto`,`es_correcta`) VALUES (294,74,'Regular el gobierno y la administración del Ayuntamiento de Córdoba en el marco de la legislación de régimen local.',1);
INSERT INTO `opciones`(`id`,`pregunta_id`,`texto`,`es_correcta`) VALUES (295,74,'Fijar el régimen sancionador tributario municipal.',0);
INSERT INTO `opciones`(`id`,`pregunta_id`,`texto`,`es_correcta`) VALUES (296,74,'Establecer el padrón municipal y el inventario de bienes.',0);
INSERT INTO `preguntas`(`id`,`titulo_id`,`texto`,`epigrafe`,`pagina_pdf`,`pagina_bop`,`explicacion`,`respuesta_correcta`) VALUES (75,2,'Conforme a los principios generales del Título II, ¿cómo debe servir la Administración municipal y qué valores debe garantizar?','Título II. Del Gobierno y de la Administración – Capítulo I',61,8981,'El art. 133 recoge objetividad, eficacia, calidad, transparencia y coordinación con otras administraciones.','Debe servir con objetividad y eficacia los intereses generales, garantizando calidad y transparencia, y promoviendo coordinación y colaboración interadministrativa.');
INSERT INTO `opciones`(`id`,`pregunta_id`,`texto`,`es_correcta`) VALUES (297,75,'Debe priorizar la confidencialidad absoluta sobre la transparencia y actuar solo por silencio administrativo.',0);
INSERT INTO `opciones`(`id`,`pregunta_id`,`texto`,`es_correcta`) VALUES (298,75,'Debe atender solo órdenes del Pleno y no coordinarse con otras administraciones.',0);
INSERT INTO `opciones`(`id`,`pregunta_id`,`texto`,`es_correcta`) VALUES (299,75,'Debe centrarse en reducir costes sin consideración a la legalidad o a la ciudadanía.',0);
INSERT INTO `opciones`(`id`,`pregunta_id`,`texto`,`es_correcta`) VALUES (300,75,'Debe servir con objetividad y eficacia los intereses generales, garantizando calidad y transparencia, y promoviendo coordinación y colaboración interadministrativa.',1);
INSERT INTO `preguntas`(`id`,`titulo_id`,`texto`,`epigrafe`,`pagina_pdf`,`pagina_bop`,`explicacion`,`respuesta_correcta`) VALUES (76,2,'¿Cómo define el ROM la naturaleza de la Junta de Gobierno Local?','Título II. Del Gobierno y de la Administración – Junta de Gobierno Local',66,8986,'El art. 147 caracteriza a la Junta de Gobierno Local como órgano colegiado ejecutivo que colabora en la dirección política.','Órgano que, bajo la presidencia de la Alcaldía, colabora colegiadamente en la dirección política y ejerce funciones ejecutivas y administrativas.');
INSERT INTO `opciones`(`id`,`pregunta_id`,`texto`,`es_correcta`) VALUES (301,76,'Órgano exclusivamente consultivo sin capacidad ejecutiva.',0);
INSERT INTO `opciones`(`id`,`pregunta_id`,`texto`,`es_correcta`) VALUES (302,76,'Órgano que, bajo la presidencia de la Alcaldía, colabora colegiadamente en la dirección política y ejerce funciones ejecutivas y administrativas.',1);
INSERT INTO `opciones`(`id`,`pregunta_id`,`texto`,`es_correcta`) VALUES (303,76,'Órgano que sustituye al Pleno en todas sus competencias normativas.',0);
INSERT INTO `opciones`(`id`,`pregunta_id`,`texto`,`es_correcta`) VALUES (304,76,'Órgano de control jurisdiccional de los acuerdos del Pleno.',0);
INSERT INTO `preguntas`(`id`,`titulo_id`,`texto`,`epigrafe`,`pagina_pdf`,`pagina_bop`,`explicacion`,`respuesta_correcta`) VALUES (77,2,'¿Quién nombra y separa a los miembros de la Junta de Gobierno Local y cuál es el límite máximo de su número?','Título II. Del Gobierno y de la Administración – Junta de Gobierno Local',66,8986,'El art. 148 atribuye a la Alcaldía el nombramiento y cese; fija el límite de un tercio del Pleno, además de la Alcaldía.','La Alcaldía los nombra y separa libremente; su número no puede exceder de un tercio del número legal de miembros del Pleno, además de la Alcaldía.');
INSERT INTO `opciones`(`id`,`pregunta_id`,`texto`,`es_correcta`) VALUES (305,77,'Los nombra Intervención; el máximo es de dos miembros.',0);
INSERT INTO `opciones`(`id`,`pregunta_id`,`texto`,`es_correcta`) VALUES (306,77,'La Secretaría General del Pleno los designa; no hay límite numérico.',0);
INSERT INTO `opciones`(`id`,`pregunta_id`,`texto`,`es_correcta`) VALUES (307,77,'La Alcaldía los nombra y separa libremente; su número no puede exceder de un tercio del número legal de miembros del Pleno, además de la Alcaldía.',1);
INSERT INTO `opciones`(`id`,`pregunta_id`,`texto`,`es_correcta`) VALUES (308,77,'El Pleno los elige por sorteo; su número es la mitad de los concejales.',0);
INSERT INTO `preguntas`(`id`,`titulo_id`,`texto`,`epigrafe`,`pagina_pdf`,`pagina_bop`,`explicacion`,`respuesta_correcta`) VALUES (78,2,'Respecto a la organización municipal, ¿qué límite establece el ROM para el número de Áreas de Gobierno y a quién corresponde fijarlas?','Título II. De la Administración del Ayuntamiento – Áreas de Gobierno',72,8992,'El art. 168 establece el tope de diez Áreas y atribuye a la Alcaldía su determinación.','No podrán exceder de diez y corresponde a la Alcaldía determinar su número, denominación, atribuciones y servicios integrados.');
INSERT INTO `opciones`(`id`,`pregunta_id`,`texto`,`es_correcta`) VALUES (309,78,'No hay límite y las fija la Junta de Gobierno Local.',0);
INSERT INTO `opciones`(`id`,`pregunta_id`,`texto`,`es_correcta`) VALUES (310,78,'No podrán exceder de cinco y las fija el Pleno por mayoría cualificada.',0);
INSERT INTO `opciones`(`id`,`pregunta_id`,`texto`,`es_correcta`) VALUES (311,78,'Deben coincidir con el número de comisiones informativas y las decide la oposición.',0);
INSERT INTO `opciones`(`id`,`pregunta_id`,`texto`,`es_correcta`) VALUES (312,78,'No podrán exceder de diez y corresponde a la Alcaldía determinar su número, denominación, atribuciones y servicios integrados.',1);
INSERT INTO `preguntas`(`id`,`titulo_id`,`texto`,`epigrafe`,`pagina_pdf`,`pagina_bop`,`explicacion`,`respuesta_correcta`) VALUES (79,2,'Según la ordenación jerárquica, ¿a quién corresponde la dirección superior de las Áreas de Gobierno?','Título II. De la Administración del Ayuntamiento – Ordenación jerárquica',72,8992,'El art. 170 asigna la dirección superior de las Áreas a las Concejalías Delegadas.','A las Concejalías Delegadas.');
INSERT INTO `opciones`(`id`,`pregunta_id`,`texto`,`es_correcta`) VALUES (313,79,'A las Direcciones Generales exclusivamente.',0);
INSERT INTO `opciones`(`id`,`pregunta_id`,`texto`,`es_correcta`) VALUES (314,79,'A la Intervención General del Ayuntamiento.',0);
INSERT INTO `opciones`(`id`,`pregunta_id`,`texto`,`es_correcta`) VALUES (315,79,'A las Concejalías Delegadas.',1);
INSERT INTO `opciones`(`id`,`pregunta_id`,`texto`,`es_correcta`) VALUES (316,79,'Al Pleno, de forma directa y permanente.',0);
INSERT INTO `preguntas`(`id`,`titulo_id`,`texto`,`epigrafe`,`pagina_pdf`,`pagina_bop`,`explicacion`,`respuesta_correcta`) VALUES (80,1,'En relación con los informes de la Secretaría General del Pleno, ¿cuál es el plazo general para su emisión y qué exclusividad se prevé?','Título I. Del Pleno y sus Comisiones – Informes de Secretaría',50,8970,'El art. 98 fija un plazo de diez días y la exclusividad del informe de legalidad, sin perjuicio del de Intervención en su materia.','El plazo general es de diez días desde que obran los antecedentes; una vez emitido, no cabe otro informe de legalidad de órgano municipal distinto, salvo Intervención en su ámbito.');
INSERT INTO `opciones`(`id`,`pregunta_id`,`texto`,`es_correcta`) VALUES (317,80,'El plazo es de 24 horas; y pueden ser sustituidos por informes de los Grupos Municipales.',0);
INSERT INTO `opciones`(`id`,`pregunta_id`,`texto`,`es_correcta`) VALUES (318,80,'El plazo general es de treinta días; y siempre cabe un informe adicional de Tesorería.',0);
INSERT INTO `opciones`(`id`,`pregunta_id`,`texto`,`es_correcta`) VALUES (319,80,'El plazo general es de diez días desde que obran los antecedentes; una vez emitido, no cabe otro informe de legalidad de órgano municipal distinto, salvo Intervención en su ámbito.',1);
INSERT INTO `opciones`(`id`,`pregunta_id`,`texto`,`es_correcta`) VALUES (320,80,'No hay plazo; y los informes son vinculantes para el Poder Judicial.',0);
INSERT INTO `preguntas`(`id`,`titulo_id`,`texto`,`epigrafe`,`pagina_pdf`,`pagina_bop`,`explicacion`,`respuesta_correcta`) VALUES (81,1,'Según el ROM, ¿qué elementos debe contener el acta de cada sesión plenaria y cuál es el sistema preferente de documentación?','Título I. Del Pleno y sus Comisiones – Sección 2ª. Actas',50,8970,'El art. 99 fija el contenido mínimo del acta y establece la vídeo‑acta como sistema preferente, acompañada de certificación de autenticidad e integridad.','Debe incluir asistentes, orden del día, lugar y tiempo, puntos principales de las deliberaciones y acuerdos; el sistema preferente es la vídeo‑acta.');
INSERT INTO `opciones`(`id`,`pregunta_id`,`texto`,`es_correcta`) VALUES (321,81,'Solo debe incluir el resultado de las votaciones; el sistema preferente es el audio‑acta sin acta escrita.',0);
INSERT INTO `opciones`(`id`,`pregunta_id`,`texto`,`es_correcta`) VALUES (322,81,'Debe incluir preguntas del público; el sistema preferente es acta manuscrita firmada por todos los concejales.',0);
INSERT INTO `opciones`(`id`,`pregunta_id`,`texto`,`es_correcta`) VALUES (323,81,'Debe incluir asistentes, orden del día, lugar y tiempo, puntos principales de las deliberaciones y acuerdos; el sistema preferente es la vídeo‑acta.',1);
INSERT INTO `opciones`(`id`,`pregunta_id`,`texto`,`es_correcta`) VALUES (324,81,'Debe incluir exclusivamente los acuerdos; el sistema preferente es la transcripción literal en papel.',0);
INSERT INTO `preguntas`(`id`,`titulo_id`,`texto`,`epigrafe`,`pagina_pdf`,`pagina_bop`,`explicacion`,`respuesta_correcta`) VALUES (82,1,'¿Cuándo son nulos los acuerdos del Pleno y qué excepción permite tratar asuntos no incluidos en el orden del día?','Título I. Del Pleno y sus Comisiones – Régimen de sesiones',33,8953,'El art. 49 declara la nulidad por tratar asuntos no incluidos salvo especial y previa declaración de urgencia con el quórum de mayoría simple.','Son nulos si se adoptan en sesiones extraordinarias sobre asuntos no incluidos; la excepción es la previa declaración de urgencia con mayoría simple.');
INSERT INTO `opciones`(`id`,`pregunta_id`,`texto`,`es_correcta`) VALUES (325,82,'Son nulos si se vota por nominal; la excepción es una moción de censura.',0);
INSERT INTO `opciones`(`id`,`pregunta_id`,`texto`,`es_correcta`) VALUES (326,82,'Son nulos solo cuando la Secretaría lo dictamine; la excepción es el voto de calidad de la Presidencia.',0);
INSERT INTO `opciones`(`id`,`pregunta_id`,`texto`,`es_correcta`) VALUES (327,82,'Nunca son nulos si hay quorum; la excepción es que exista mayoría absoluta.',0);
INSERT INTO `opciones`(`id`,`pregunta_id`,`texto`,`es_correcta`) VALUES (328,82,'Son nulos si se adoptan en sesiones extraordinarias sobre asuntos no incluidos; la excepción es la previa declaración de urgencia con mayoría simple.',1);
INSERT INTO `preguntas`(`id`,`titulo_id`,`texto`,`epigrafe`,`pagina_pdf`,`pagina_bop`,`explicacion`,`respuesta_correcta`) VALUES (83,1,'¿Qué estructura mínima debe incluirse siempre en el orden del día de las sesiones ordinarias del Pleno?','Título I. Del Pleno y sus Comisiones – Orden del día',33,8953,'El art. 48 exige incluir, en capítulo diferenciado, los expedientes con eficacia jurídica y la parte de impulso y control.','Un capítulo diferenciado con expedientes con eficacia jurídica directa y la parte de impulso, orientación política y control.');
INSERT INTO `opciones`(`id`,`pregunta_id`,`texto`,`es_correcta`) VALUES (329,83,'Únicamente ruegos y preguntas y aprobación del acta anterior.',0);
INSERT INTO `opciones`(`id`,`pregunta_id`,`texto`,`es_correcta`) VALUES (330,83,'Debate general sobre el estado del municipio sin expedientes.',0);
INSERT INTO `opciones`(`id`,`pregunta_id`,`texto`,`es_correcta`) VALUES (331,83,'Solo proposiciones del Gobierno y mociones de la oposición.',0);
INSERT INTO `opciones`(`id`,`pregunta_id`,`texto`,`es_correcta`) VALUES (332,83,'Un capítulo diferenciado con expedientes con eficacia jurídica directa y la parte de impulso, orientación política y control.',1);
INSERT INTO `preguntas`(`id`,`titulo_id`,`texto`,`epigrafe`,`pagina_pdf`,`pagina_bop`,`explicacion`,`respuesta_correcta`) VALUES (84,2,'¿Cuál es el objeto del Título II del ROM respecto al Ayuntamiento de Córdoba?','Título II. Del Gobierno y de la Administración – Capítulo I',61,8981,'El art. 132.1 define el objeto: regular el gobierno y la administración municipal conforme a la legislación de régimen local.','Regular el gobierno y la administración del Ayuntamiento de Córdoba en el marco de la legislación de régimen local.');
INSERT INTO `opciones`(`id`,`pregunta_id`,`texto`,`es_correcta`) VALUES (333,84,'Regular los procesos electorales locales y autonómicos.',0);
INSERT INTO `opciones`(`id`,`pregunta_id`,`texto`,`es_correcta`) VALUES (334,84,'Regular el gobierno y la administración del Ayuntamiento de Córdoba en el marco de la legislación de régimen local.',1);
INSERT INTO `opciones`(`id`,`pregunta_id`,`texto`,`es_correcta`) VALUES (335,84,'Fijar el régimen sancionador tributario municipal.',0);
INSERT INTO `opciones`(`id`,`pregunta_id`,`texto`,`es_correcta`) VALUES (336,84,'Establecer el padrón municipal y el inventario de bienes.',0);
INSERT INTO `preguntas`(`id`,`titulo_id`,`texto`,`epigrafe`,`pagina_pdf`,`pagina_bop`,`explicacion`,`respuesta_correcta`) VALUES (85,2,'Conforme a los principios generales del Título II, ¿cómo debe servir la Administración municipal y qué valores debe garantizar?','Título II. Del Gobierno y de la Administración – Capítulo I',61,8981,'El art. 133 recoge objetividad, eficacia, calidad, transparencia y coordinación con otras administraciones.','Debe servir con objetividad y eficacia los intereses generales, garantizando calidad y transparencia, y promoviendo coordinación y colaboración interadministrativa.');
INSERT INTO `opciones`(`id`,`pregunta_id`,`texto`,`es_correcta`) VALUES (337,85,'Debe priorizar la confidencialidad absoluta sobre la transparencia y actuar solo por silencio administrativo.',0);
INSERT INTO `opciones`(`id`,`pregunta_id`,`texto`,`es_correcta`) VALUES (338,85,'Debe atender solo órdenes del Pleno y no coordinarse con otras administraciones.',0);
INSERT INTO `opciones`(`id`,`pregunta_id`,`texto`,`es_correcta`) VALUES (339,85,'Debe centrarse en reducir costes sin consideración a la legalidad o a la ciudadanía.',0);
INSERT INTO `opciones`(`id`,`pregunta_id`,`texto`,`es_correcta`) VALUES (340,85,'Debe servir con objetividad y eficacia los intereses generales, garantizando calidad y transparencia, y promoviendo coordinación y colaboración interadministrativa.',1);
INSERT INTO `preguntas`(`id`,`titulo_id`,`texto`,`epigrafe`,`pagina_pdf`,`pagina_bop`,`explicacion`,`respuesta_correcta`) VALUES (86,2,'¿Cómo define el ROM la naturaleza de la Junta de Gobierno Local?','Título II. Del Gobierno y de la Administración – Junta de Gobierno Local',66,8986,'El art. 147 caracteriza a la Junta de Gobierno Local como órgano colegiado ejecutivo que colabora en la dirección política.','Órgano que, bajo la presidencia de la Alcaldía, colabora colegiadamente en la dirección política y ejerce funciones ejecutivas y administrativas.');
INSERT INTO `opciones`(`id`,`pregunta_id`,`texto`,`es_correcta`) VALUES (341,86,'Órgano exclusivamente consultivo sin capacidad ejecutiva.',0);
INSERT INTO `opciones`(`id`,`pregunta_id`,`texto`,`es_correcta`) VALUES (342,86,'Órgano que, bajo la presidencia de la Alcaldía, colabora colegiadamente en la dirección política y ejerce funciones ejecutivas y administrativas.',1);
INSERT INTO `opciones`(`id`,`pregunta_id`,`texto`,`es_correcta`) VALUES (343,86,'Órgano que sustituye al Pleno en todas sus competencias normativas.',0);
INSERT INTO `opciones`(`id`,`pregunta_id`,`texto`,`es_correcta`) VALUES (344,86,'Órgano de control jurisdiccional de los acuerdos del Pleno.',0);
INSERT INTO `preguntas`(`id`,`titulo_id`,`texto`,`epigrafe`,`pagina_pdf`,`pagina_bop`,`explicacion`,`respuesta_correcta`) VALUES (87,2,'¿Quién nombra y separa a los miembros de la Junta de Gobierno Local y cuál es el límite máximo de su número?','Título II. Del Gobierno y de la Administración – Junta de Gobierno Local',66,8986,'El art. 148 atribuye a la Alcaldía el nombramiento y cese; fija el límite de un tercio del Pleno, además de la Alcaldía.','La Alcaldía los nombra y separa libremente; su número no puede exceder de un tercio del número legal de miembros del Pleno, además de la Alcaldía.');
INSERT INTO `opciones`(`id`,`pregunta_id`,`texto`,`es_correcta`) VALUES (345,87,'Los nombra Intervención; el máximo es de dos miembros.',0);
INSERT INTO `opciones`(`id`,`pregunta_id`,`texto`,`es_correcta`) VALUES (346,87,'La Secretaría General del Pleno los designa; no hay límite numérico.',0);
INSERT INTO `opciones`(`id`,`pregunta_id`,`texto`,`es_correcta`) VALUES (347,87,'La Alcaldía los nombra y separa libremente; su número no puede exceder de un tercio del número legal de miembros del Pleno, además de la Alcaldía.',1);
INSERT INTO `opciones`(`id`,`pregunta_id`,`texto`,`es_correcta`) VALUES (348,87,'El Pleno los elige por sorteo; su número es la mitad de los concejales.',0);
INSERT INTO `preguntas`(`id`,`titulo_id`,`texto`,`epigrafe`,`pagina_pdf`,`pagina_bop`,`explicacion`,`respuesta_correcta`) VALUES (88,2,'Respecto a la organización municipal, ¿qué límite establece el ROM para el número de Áreas de Gobierno y a quién corresponde fijarlas?','Título II. De la Administración del Ayuntamiento – Áreas de Gobierno',72,8992,'El art. 168 establece el tope de diez Áreas y atribuye a la Alcaldía su determinación.','No podrán exceder de diez y corresponde a la Alcaldía determinar su número, denominación, atribuciones y servicios integrados.');
INSERT INTO `opciones`(`id`,`pregunta_id`,`texto`,`es_correcta`) VALUES (349,88,'No hay límite y las fija la Junta de Gobierno Local.',0);
INSERT INTO `opciones`(`id`,`pregunta_id`,`texto`,`es_correcta`) VALUES (350,88,'No podrán exceder de cinco y las fija el Pleno por mayoría cualificada.',0);
INSERT INTO `opciones`(`id`,`pregunta_id`,`texto`,`es_correcta`) VALUES (351,88,'Deben coincidir con el número de comisiones informativas y las decide la oposición.',0);
INSERT INTO `opciones`(`id`,`pregunta_id`,`texto`,`es_correcta`) VALUES (352,88,'No podrán exceder de diez y corresponde a la Alcaldía determinar su número, denominación, atribuciones y servicios integrados.',1);
INSERT INTO `preguntas`(`id`,`titulo_id`,`texto`,`epigrafe`,`pagina_pdf`,`pagina_bop`,`explicacion`,`respuesta_correcta`) VALUES (89,2,'Según la ordenación jerárquica, ¿a quién corresponde la dirección superior de las Áreas de Gobierno?','Título II. De la Administración del Ayuntamiento – Ordenación jerárquica',72,8992,'El art. 170 asigna la dirección superior de las Áreas a las Concejalías Delegadas.','A las Concejalías Delegadas.');
INSERT INTO `opciones`(`id`,`pregunta_id`,`texto`,`es_correcta`) VALUES (353,89,'A las Direcciones Generales exclusivamente.',0);
INSERT INTO `opciones`(`id`,`pregunta_id`,`texto`,`es_correcta`) VALUES (354,89,'A la Intervención General del Ayuntamiento.',0);
INSERT INTO `opciones`(`id`,`pregunta_id`,`texto`,`es_correcta`) VALUES (355,89,'A las Concejalías Delegadas.',1);
INSERT INTO `opciones`(`id`,`pregunta_id`,`texto`,`es_correcta`) VALUES (356,89,'Al Pleno, de forma directa y permanente.',0);
INSERT INTO `preguntas`(`id`,`titulo_id`,`texto`,`epigrafe`,`pagina_pdf`,`pagina_bop`,`explicacion`,`respuesta_correcta`) VALUES (90,1,'En relación con los informes de la Secretaría General del Pleno, ¿cuál es el plazo general para su emisión y qué exclusividad se prevé?','Título I. Del Pleno y sus Comisiones – Informes de Secretaría',50,8970,'El art. 98 fija un plazo de diez días y la exclusividad del informe de legalidad, sin perjuicio del de Intervención en su materia.','El plazo general es de diez días desde que obran los antecedentes; una vez emitido, no cabe otro informe de legalidad de órgano municipal distinto, salvo Intervención en su ámbito.');
INSERT INTO `opciones`(`id`,`pregunta_id`,`texto`,`es_correcta`) VALUES (357,90,'El plazo es de 24 horas; y pueden ser sustituidos por informes de los Grupos Municipales.',0);
INSERT INTO `opciones`(`id`,`pregunta_id`,`texto`,`es_correcta`) VALUES (358,90,'El plazo general es de treinta días; y siempre cabe un informe adicional de Tesorería.',0);
INSERT INTO `opciones`(`id`,`pregunta_id`,`texto`,`es_correcta`) VALUES (359,90,'El plazo general es de diez días desde que obran los antecedentes; una vez emitido, no cabe otro informe de legalidad de órgano municipal distinto, salvo Intervención en su ámbito.',1);
INSERT INTO `opciones`(`id`,`pregunta_id`,`texto`,`es_correcta`) VALUES (360,90,'No hay plazo; y los informes son vinculantes para el Poder Judicial.',0);
INSERT INTO `preguntas`(`id`,`titulo_id`,`texto`,`epigrafe`,`pagina_pdf`,`pagina_bop`,`explicacion`,`respuesta_correcta`) VALUES (91,1,'La periodicidad de las sesiones ordinarias del Pleno del Ayuntamiento de Córdoba es:','Título I. Del Pleno y sus Comisiones – Sección 1ª. Sesiones',43,8963,'El artículo 45 del ROM (página 8963) establece que el Pleno celebrará sesión ordinaria, como mínimo, una vez al mes.','Una vez al mes.');
INSERT INTO `opciones`(`id`,`pregunta_id`,`texto`,`es_correcta`) VALUES (361,91,'Una vez al mes.',1);
INSERT INTO `opciones`(`id`,`pregunta_id`,`texto`,`es_correcta`) VALUES (362,91,'Dos veces al mes.',0);
INSERT INTO `opciones`(`id`,`pregunta_id`,`texto`,`es_correcta`) VALUES (363,91,'Una vez cada dos meses.',0);
INSERT INTO `opciones`(`id`,`pregunta_id`,`texto`,`es_correcta`) VALUES (364,91,'Una vez cada trimestre.',0);
INSERT INTO `preguntas`(`id`,`titulo_id`,`texto`,`epigrafe`,`pagina_pdf`,`pagina_bop`,`explicacion`,`respuesta_correcta`) VALUES (92,1,'¿Quién tiene la atribución para convocar y presidir las sesiones del Pleno?','Título I. Del Pleno y sus Comisiones – Sección 1ª. Sesiones',44,8964,'El artículo 46 del ROM (página 8964) indica que corresponde al Alcalde, o quien legalmente le sustituya, la convocatoria y presidencia del Pleno.','El Alcalde o, en su caso, el Concejal en quien delegue o le sustituya legalmente.');
INSERT INTO `opciones`(`id`,`pregunta_id`,`texto`,`es_correcta`) VALUES (365,92,'El Concejal de Presidencia.',0);
INSERT INTO `opciones`(`id`,`pregunta_id`,`texto`,`es_correcta`) VALUES (366,92,'El Alcalde o, en su caso, el Concejal en quien delegue o le sustituya legalmente.',1);
INSERT INTO `opciones`(`id`,`pregunta_id`,`texto`,`es_correcta`) VALUES (367,92,'El Secretario General del Pleno.',0);
INSERT INTO `opciones`(`id`,`pregunta_id`,`texto`,`es_correcta`) VALUES (368,92,'El Portavoz del Grupo Municipal más votado.',0);
INSERT INTO `preguntas`(`id`,`titulo_id`,`texto`,`epigrafe`,`pagina_pdf`,`pagina_bop`,`explicacion`,`respuesta_correcta`) VALUES (93,1,'Respecto a la convocatoria de las sesiones ordinarias del Pleno, ¿cuál es el plazo mínimo de antelación para notificar a los concejales?','Título I. Del Pleno y sus Comisiones – Sección 1ª. Sesiones',44,8964,'El artículo 48 del ROM (página 8964) indica que la convocatoria de la sesión ordinaria se notificará a los concejales, al menos, con dos días hábiles de antelación.','Dos días hábiles.');
INSERT INTO `opciones`(`id`,`pregunta_id`,`texto`,`es_correcta`) VALUES (369,93,'48 horas.',0);
INSERT INTO `opciones`(`id`,`pregunta_id`,`texto`,`es_correcta`) VALUES (370,93,'Diez días naturales.',0);
INSERT INTO `opciones`(`id`,`pregunta_id`,`texto`,`es_correcta`) VALUES (371,93,'Dos días hábiles.',1);
INSERT INTO `opciones`(`id`,`pregunta_id`,`texto`,`es_correcta`) VALUES (372,93,'Tres días naturales.',0);
INSERT INTO `preguntas`(`id`,`titulo_id`,`texto`,`epigrafe`,`pagina_pdf`,`pagina_bop`,`explicacion`,`respuesta_correcta`) VALUES (94,1,'¿Quién es el responsable de la custodia, integridad y autenticidad del acta de las sesiones del Pleno, según el ROM?','Título I. Del Pleno y sus Comisiones – Sección 2ª. Actas',50,8970,'El artículo 99 del ROM (página 8970) establece que la custodia, integridad y autenticidad del acta corresponde al Secretario General del Pleno.','El Secretario General del Pleno.');
INSERT INTO `opciones`(`id`,`pregunta_id`,`texto`,`es_correcta`) VALUES (373,94,'El Concejal más joven.',0);
INSERT INTO `opciones`(`id`,`pregunta_id`,`texto`,`es_correcta`) VALUES (374,94,'El Alcalde.',0);
INSERT INTO `opciones`(`id`,`pregunta_id`,`texto`,`es_correcta`) VALUES (375,94,'El Secretario General del Pleno.',1);
INSERT INTO `opciones`(`id`,`pregunta_id`,`texto`,`es_correcta`) VALUES (376,94,'El Interventor General.',0);
INSERT INTO `preguntas`(`id`,`titulo_id`,`texto`,`epigrafe`,`pagina_pdf`,`pagina_bop`,`explicacion`,`respuesta_correcta`) VALUES (95,1,'¿Qué órgano ejerce la función de control y fiscalización del Gobierno, según el ROM?','Título I. Del Pleno y sus Comisiones – Sección 1ª. Atribuciones',41,8961,'El artículo 38 del ROM (página 8961) establece que la función de control y fiscalización de los órganos de gobierno corresponde al Pleno.','El Pleno del Ayuntamiento.');
INSERT INTO `opciones`(`id`,`pregunta_id`,`texto`,`es_correcta`) VALUES (377,95,'El Pleno del Ayuntamiento.',1);
INSERT INTO `opciones`(`id`,`pregunta_id`,`texto`,`es_correcta`) VALUES (378,95,'La Junta de Gobierno Local.',0);
INSERT INTO `opciones`(`id`,`pregunta_id`,`texto`,`es_correcta`) VALUES (379,95,'La Comisión de Sugerencias y Reclamaciones.',0);
INSERT INTO `opciones`(`id`,`pregunta_id`,`texto`,`es_correcta`) VALUES (380,95,'La Comisión Especial de Cuentas.',0);
INSERT INTO `preguntas`(`id`,`titulo_id`,`texto`,`epigrafe`,`pagina_pdf`,`pagina_bop`,`explicacion`,`respuesta_correcta`) VALUES (96,1,'¿En qué plazo deben ser contestadas las preguntas y ruegos formulados por los miembros del Pleno, si no se les ha dado respuesta en la sesión en que se formularon?','Título I. Del Pleno y sus Comisiones – Sección 1ª. Ruegos y Preguntas',48,8968,'El artículo 78 del ROM (página 8968) dispone que, si no se contestan en la sesión, deberán serlo en la siguiente sesión ordinaria del Pleno.','En el plazo de la siguiente sesión ordinaria del Pleno.');
INSERT INTO `opciones`(`id`,`pregunta_id`,`texto`,`es_correcta`) VALUES (381,96,'En el plazo de diez días hábiles.',0);
INSERT INTO `opciones`(`id`,`pregunta_id`,`texto`,`es_correcta`) VALUES (382,96,'En el plazo de la siguiente sesión ordinaria del Pleno.',1);
INSERT INTO `opciones`(`id`,`pregunta_id`,`texto`,`es_correcta`) VALUES (383,96,'En un plazo máximo de quince días naturales.',0);
INSERT INTO `opciones`(`id`,`pregunta_id`,`texto`,`es_correcta`) VALUES (384,96,'En el plazo de cinco días hábiles.',0);
INSERT INTO `preguntas`(`id`,`titulo_id`,`texto`,`epigrafe`,`pagina_pdf`,`pagina_bop`,`explicacion`,`respuesta_correcta`) VALUES (97,1,'¿Cuál es el quórum necesario para la válida constitución de las sesiones del Pleno?','Título I. Del Pleno y sus Comisiones – Sección 1ª. Sesiones',43,8963,'El artículo 43 del ROM (página 8963) establece el quórum de un tercio del número legal, y en todo caso, no inferior a tres.','Un tercio del número legal de sus miembros, y en todo caso, un número no inferior a tres.');
INSERT INTO `opciones`(`id`,`pregunta_id`,`texto`,`es_correcta`) VALUES (385,97,'La mitad de los miembros de la Corporación.',0);
INSERT INTO `opciones`(`id`,`pregunta_id`,`texto`,`es_correcta`) VALUES (386,97,'Un tercio del número legal de sus miembros, y en todo caso, un número no inferior a tres.',1);
INSERT INTO `opciones`(`id`,`pregunta_id`,`texto`,`es_correcta`) VALUES (387,97,'La mayoría absoluta de sus miembros.',0);
INSERT INTO `opciones`(`id`,`pregunta_id`,`texto`,`es_correcta`) VALUES (388,97,'Dos tercios de los miembros de la Corporación.',0);
INSERT INTO `preguntas`(`id`,`titulo_id`,`texto`,`epigrafe`,`pagina_pdf`,`pagina_bop`,`explicacion`,`respuesta_correcta`) VALUES (98,1,'Si el Pleno no alcanzase el quórum en primera convocatoria, ¿cuánto tiempo después debe celebrarse la segunda convocatoria?','Título I. Del Pleno y sus Comisiones – Sección 1ª. Sesiones',43,8963,'El artículo 43 del ROM (página 8963) indica que la sesión en segunda convocatoria se celebrará transcurrida, al menos, media hora.','Media hora después.');
INSERT INTO `opciones`(`id`,`pregunta_id`,`texto`,`es_correcta`) VALUES (389,98,'Una hora después.',0);
INSERT INTO `opciones`(`id`,`pregunta_id`,`texto`,`es_correcta`) VALUES (390,98,'Tres horas después.',0);
INSERT INTO `opciones`(`id`,`pregunta_id`,`texto`,`es_correcta`) VALUES (391,98,'Media hora después.',1);
INSERT INTO `opciones`(`id`,`pregunta_id`,`texto`,`es_correcta`) VALUES (392,98,'Veinticuatro horas después.',0);
INSERT INTO `preguntas`(`id`,`titulo_id`,`texto`,`epigrafe`,`pagina_pdf`,`pagina_bop`,`explicacion`,`respuesta_correcta`) VALUES (99,1,'¿Qué mayoría se requiere para la aprobación de la reprobación del Alcalde o de algún miembro de la Junta de Gobierno Local?','Título I. Del Pleno y sus Comisiones – Sección 1ª. Votaciones',47,8967,'El artículo 64 del ROM (página 8967) establece que el acuerdo de reprobación requerirá el voto favorable de la mayoría absoluta del número legal de miembros de la Corporación.','Mayoría absoluta del número legal de miembros de la Corporación.');
INSERT INTO `opciones`(`id`,`pregunta_id`,`texto`,`es_correcta`) VALUES (393,99,'Mayoría simple.',0);
INSERT INTO `opciones`(`id`,`pregunta_id`,`texto`,`es_correcta`) VALUES (394,99,'Mayoría absoluta del número legal de miembros de la Corporación.',1);
INSERT INTO `opciones`(`id`,`pregunta_id`,`texto`,`es_correcta`) VALUES (395,99,'Mayoría de dos tercios.',0);
INSERT INTO `opciones`(`id`,`pregunta_id`,`texto`,`es_correcta`) VALUES (396,99,'Mayoría cualificada de tres quintos.',0);
INSERT INTO `preguntas`(`id`,`titulo_id`,`texto`,`epigrafe`,`pagina_pdf`,`pagina_bop`,`explicacion`,`respuesta_correcta`) VALUES (100,1,'¿Cuál es la finalidad de las Comisiones de Pleno según el ROM?','Título I. Del Pleno y sus Comisiones – Sección 3ª. Comisiones del Pleno',51,8971,'El artículo 102 del ROM (página 8971) define la finalidad de las Comisiones de Pleno.','Estudio, informe o consulta de los asuntos que hayan de ser sometidos a la decisión del Pleno y de seguimiento de la gestión del Alcalde y su equipo de gobierno.');
INSERT INTO `opciones`(`id`,`pregunta_id`,`texto`,`es_correcta`) VALUES (397,100,'Sustituir a la Junta de Gobierno Local en sus funciones delegadas.',0);
INSERT INTO `opciones`(`id`,`pregunta_id`,`texto`,`es_correcta`) VALUES (398,100,'Estudio, informe o consulta de los asuntos que hayan de ser sometidos a la decisión del Pleno y de seguimiento de la gestión del Alcalde y su equipo de gobierno.',1);
INSERT INTO `opciones`(`id`,`pregunta_id`,`texto`,`es_correcta`) VALUES (399,100,'Resolver directamente reclamaciones y sugerencias de los ciudadanos.',0);
INSERT INTO `opciones`(`id`,`pregunta_id`,`texto`,`es_correcta`) VALUES (400,100,'Aprobar las Ordenanzas Municipales.',0);
INSERT INTO `preguntas`(`id`,`titulo_id`,`texto`,`epigrafe`,`pagina_pdf`,`pagina_bop`,`explicacion`,`respuesta_correcta`) VALUES (101,1,'¿Quién tiene la potestad de delegar las funciones ejecutivas propias de la Alcaldía en los Tenientes de Alcalde y, en su caso, en otros Concejales?','Título I. Del Alcalde y de la Junta de Gobierno Local – Sección 1ª. El Alcalde',54,8974,'El artículo 117 del ROM (página 8974) establece esta potestad como una de las atribuciones propias del Alcalde.','El Alcalde.');
INSERT INTO `opciones`(`id`,`pregunta_id`,`texto`,`es_correcta`) VALUES (401,101,'El Pleno por mayoría absoluta.',0);
INSERT INTO `opciones`(`id`,`pregunta_id`,`texto`,`es_correcta`) VALUES (402,101,'El Alcalde.',1);
INSERT INTO `opciones`(`id`,`pregunta_id`,`texto`,`es_correcta`) VALUES (403,101,'El Secretario General del Pleno a propuesta del Alcalde.',0);
INSERT INTO `opciones`(`id`,`pregunta_id`,`texto`,`es_correcta`) VALUES (404,101,'La Junta de Gobierno Local.',0);
INSERT INTO `preguntas`(`id`,`titulo_id`,`texto`,`epigrafe`,`pagina_pdf`,`pagina_bop`,`explicacion`,`respuesta_correcta`) VALUES (102,1,'¿Quién forma parte obligatoriamente de la Junta de Gobierno Local?','Título I. Del Alcalde y de la Junta de Gobierno Local – Sección 2ª. La Junta de Gobierno Local',55,8975,'El artículo 120 del ROM (página 8975) define la composición de la Junta de Gobierno Local.','El Alcalde y un número de Concejales no superior a un tercio del número legal de los mismos, nombrados y separados libremente por el Alcalde.');
INSERT INTO `opciones`(`id`,`pregunta_id`,`texto`,`es_correcta`) VALUES (405,102,'El Alcalde, todos los Tenientes de Alcalde y el Secretario General del Pleno.',0);
INSERT INTO `opciones`(`id`,`pregunta_id`,`texto`,`es_correcta`) VALUES (406,102,'El Alcalde y un número de Concejales no superior a un tercio del número legal de los mismos, nombrados y separados libremente por el Alcalde.',1);
INSERT INTO `opciones`(`id`,`pregunta_id`,`texto`,`es_correcta`) VALUES (407,102,'El Alcalde y todos los Portavoces de los Grupos Municipales.',0);
INSERT INTO `opciones`(`id`,`pregunta_id`,`texto`,`es_correcta`) VALUES (408,102,'El Alcalde, el Interventor y el Tesorero.',0);
INSERT INTO `preguntas`(`id`,`titulo_id`,`texto`,`epigrafe`,`pagina_pdf`,`pagina_bop`,`explicacion`,`respuesta_correcta`) VALUES (103,1,'¿Quién asiste a las sesiones de la Junta de Gobierno Local con voz pero sin voto?','Título I. Del Alcalde y de la Junta de Gobierno Local – Sección 2ª. La Junta de Gobierno Local',55,8975,'El artículo 122 del ROM (página 8975) señala la asistencia del Secretario General del Pleno o el titular de la Asesoría Jurídica.','El Secretario General del Pleno, o en su caso, el titular de la Asesoría Jurídica.');
INSERT INTO `opciones`(`id`,`pregunta_id`,`texto`,`es_correcta`) VALUES (409,103,'El Interventor General.',0);
INSERT INTO `opciones`(`id`,`pregunta_id`,`texto`,`es_correcta`) VALUES (410,103,'El Portavoz del Grupo Municipal mayoritario en la oposición.',0);
INSERT INTO `opciones`(`id`,`pregunta_id`,`texto`,`es_correcta`) VALUES (411,103,'El Secretario General del Pleno, o en su caso, el titular de la Asesoría Jurídica.',1);
INSERT INTO `opciones`(`id`,`pregunta_id`,`texto`,`es_correcta`) VALUES (412,103,'El Concejal de Hacienda.',0);
INSERT INTO `preguntas`(`id`,`titulo_id`,`texto`,`epigrafe`,`pagina_pdf`,`pagina_bop`,`explicacion`,`respuesta_correcta`) VALUES (104,1,'¿Cuál es el plazo máximo para la resolución de reclamaciones o sugerencias presentadas ante la Comisión Especial de Sugerencias y Reclamaciones?','Título I. Del Pleno y sus Comisiones – Sección 4ª. Comisión Especial de Sugerencias y Reclamaciones',53,8973,'El artículo 113 del ROM (página 8973) establece el plazo de 30 días, con posible prórroga por complejidad.','30 días naturales, salvo que la complejidad requiera la prórroga por igual plazo.');
INSERT INTO `opciones`(`id`,`pregunta_id`,`texto`,`es_correcta`) VALUES (413,104,'15 días hábiles.',0);
INSERT INTO `opciones`(`id`,`pregunta_id`,`texto`,`es_correcta`) VALUES (414,104,'3 meses.',0);
INSERT INTO `opciones`(`id`,`pregunta_id`,`texto`,`es_correcta`) VALUES (415,104,'30 días naturales, salvo que la complejidad requiera la prórroga por igual plazo.',1);
INSERT INTO `opciones`(`id`,`pregunta_id`,`texto`,`es_correcta`) VALUES (416,104,'60 días naturales.',0);
INSERT INTO `preguntas`(`id`,`titulo_id`,`texto`,`epigrafe`,`pagina_pdf`,`pagina_bop`,`explicacion`,`respuesta_correcta`) VALUES (105,1,'¿Qué órgano colegiado tiene la atribución de aprobar el Presupuesto, la plantilla de personal y la relación de puestos de trabajo?','Título I. Del Pleno y sus Comisiones – Sección 1ª. Atribuciones',41,8961,'El artículo 38 del ROM (página 8961) incluye esta competencia entre las atribuciones del Pleno.','El Pleno del Ayuntamiento.');
INSERT INTO `opciones`(`id`,`pregunta_id`,`texto`,`es_correcta`) VALUES (417,105,'La Junta de Gobierno Local.',0);
INSERT INTO `opciones`(`id`,`pregunta_id`,`texto`,`es_correcta`) VALUES (418,105,'El Pleno del Ayuntamiento.',1);
INSERT INTO `opciones`(`id`,`pregunta_id`,`texto`,`es_correcta`) VALUES (419,105,'La Comisión de Hacienda.',0);
INSERT INTO `opciones`(`id`,`pregunta_id`,`texto`,`es_correcta`) VALUES (420,105,'El Alcalde mediante Decreto.',0);
INSERT INTO `preguntas`(`id`,`titulo_id`,`texto`,`epigrafe`,`pagina_pdf`,`pagina_bop`,`explicacion`,`respuesta_correcta`) VALUES (106,1,'¿Cuál es la finalidad de los Grupos Políticos Municipales según el ROM?','Título I. De los Grupos Políticos y la Participación Ciudadana – Sección 1ª. Grupos Políticos',56,8976,'El artículo 132 del ROM (página 8976) establece el fin de los Grupos Políticos.','Garantizar la participación y la acción política de los miembros de la Corporación en el Ayuntamiento y facilitar su trabajo.');
INSERT INTO `opciones`(`id`,`pregunta_id`,`texto`,`es_correcta`) VALUES (421,106,'La gestión directa de los servicios públicos municipales.',0);
INSERT INTO `opciones`(`id`,`pregunta_id`,`texto`,`es_correcta`) VALUES (422,106,'Garantizar la participación y la acción política de los miembros de la Corporación en el Ayuntamiento y facilitar su trabajo.',1);
INSERT INTO `opciones`(`id`,`pregunta_id`,`texto`,`es_correcta`) VALUES (423,106,'La fiscalización económica de las cuentas municipales.',0);
INSERT INTO `opciones`(`id`,`pregunta_id`,`texto`,`es_correcta`) VALUES (424,106,'Sustituir a los órganos ejecutivos en caso de vacante.',0);
INSERT INTO `preguntas`(`id`,`titulo_id`,`texto`,`epigrafe`,`pagina_pdf`,`pagina_bop`,`explicacion`,`respuesta_correcta`) VALUES (107,1,'¿Qué se requiere para que un Grupo Político pueda contar con medios personales y materiales?','Título I. De los Grupos Políticos y la Participación Ciudadana – Sección 1ª. Grupos Políticos',57,8977,'El artículo 133 del ROM (página 8977) condiciona la provisión de medios a la constitución e inscripción.','Constituirse legalmente e inscribirse en el Libro Registro.');
INSERT INTO `opciones`(`id`,`pregunta_id`,`texto`,`es_correcta`) VALUES (425,107,'Estar en la oposición.',0);
INSERT INTO `opciones`(`id`,`pregunta_id`,`texto`,`es_correcta`) VALUES (426,107,'Tener más de 5 concejales.',0);
INSERT INTO `opciones`(`id`,`pregunta_id`,`texto`,`es_correcta`) VALUES (427,107,'Constituirse legalmente e inscribirse en el Libro Registro.',1);
INSERT INTO `opciones`(`id`,`pregunta_id`,`texto`,`es_correcta`) VALUES (428,107,'Obtener la mayoría absoluta en el Pleno.',0);
INSERT INTO `preguntas`(`id`,`titulo_id`,`texto`,`epigrafe`,`pagina_pdf`,`pagina_bop`,`explicacion`,`respuesta_correcta`) VALUES (108,1,'¿Qué tipo de Comisiones del Pleno deben constituirse obligatoriamente en el Ayuntamiento de Córdoba?','Título I. Del Pleno y sus Comisiones – Secciones 3ª y 4ª',1,89718973,'El artículo 104 y 111 del ROM (páginas 8971 y 8973) establecen la obligatoriedad de estas dos Comisiones Especiales.','Comisión Especial de Cuentas, y Comisión Especial de Sugerencias y Reclamaciones.');
INSERT INTO `opciones`(`id`,`pregunta_id`,`texto`,`es_correcta`) VALUES (429,108,'Comisión de Obras Públicas y Comisión de Urbanismo.',0);
INSERT INTO `opciones`(`id`,`pregunta_id`,`texto`,`es_correcta`) VALUES (430,108,'Comisión Especial de Cuentas, y Comisión Especial de Sugerencias y Reclamaciones.',1);
INSERT INTO `opciones`(`id`,`pregunta_id`,`texto`,`es_correcta`) VALUES (431,108,'Comisión de Vigilancia de Contratación.',0);
INSERT INTO `opciones`(`id`,`pregunta_id`,`texto`,`es_correcta`) VALUES (432,108,'Comisión de Transparencia y Buen Gobierno.',0);
INSERT INTO `preguntas`(`id`,`titulo_id`,`texto`,`epigrafe`,`pagina_pdf`,`pagina_bop`,`explicacion`,`respuesta_correcta`) VALUES (109,1,'¿Quién resuelve las reclamaciones y sugerencias presentadas a la Comisión Especial de Sugerencias y Reclamaciones?','Título I. Del Pleno y sus Comisiones – Sección 4ª. Comisión Especial de Sugerencias y Reclamaciones',53,8973,'El artículo 113 del ROM (página 8973) establece que la resolución corresponde al órgano competente.','El órgano de Gobierno o Administración al que corresponda la competencia.');
INSERT INTO `opciones`(`id`,`pregunta_id`,`texto`,`es_correcta`) VALUES (433,109,'El Alcalde, a propuesta de la Comisión.',0);
INSERT INTO `opciones`(`id`,`pregunta_id`,`texto`,`es_correcta`) VALUES (434,109,'El Pleno por mayoría simple.',0);
INSERT INTO `opciones`(`id`,`pregunta_id`,`texto`,`es_correcta`) VALUES (435,109,'El órgano de Gobierno o Administración al que corresponda la competencia.',1);
INSERT INTO `opciones`(`id`,`pregunta_id`,`texto`,`es_correcta`) VALUES (436,109,'La propia Comisión Especial de Sugerencias y Reclamaciones.',0);
INSERT INTO `preguntas`(`id`,`titulo_id`,`texto`,`epigrafe`,`pagina_pdf`,`pagina_bop`,`explicacion`,`respuesta_correcta`) VALUES (110,1,'¿Cuál es la mayoría requerida para que el Pleno pueda modificar su régimen de sesiones ordinarias?','Título I. Del Pleno y sus Comisiones – Sección 1ª. Sesiones',43,8963,'El artículo 45 del ROM (página 8963) exige la mayoría absoluta para modificar el régimen de sesiones ordinarias.','Mayoría absoluta del número legal de miembros de la Corporación.');
INSERT INTO `opciones`(`id`,`pregunta_id`,`texto`,`es_correcta`) VALUES (437,110,'Mayoría simple.',0);
INSERT INTO `opciones`(`id`,`pregunta_id`,`texto`,`es_correcta`) VALUES (438,110,'Mayoría de tres quintos.',0);
INSERT INTO `opciones`(`id`,`pregunta_id`,`texto`,`es_correcta`) VALUES (439,110,'Mayoría absoluta del número legal de miembros de la Corporación.',1);
INSERT INTO `opciones`(`id`,`pregunta_id`,`texto`,`es_correcta`) VALUES (440,110,'Mayoría de dos tercios.',0);
INSERT INTO `preguntas`(`id`,`titulo_id`,`texto`,`epigrafe`,`pagina_pdf`,`pagina_bop`,`explicacion`,`respuesta_correcta`) VALUES (111,1,'¿Cuál de las siguientes atribuciones NO corresponde al Pleno, salvo delegación?','Título I. Del Pleno y sus Comisiones – Sección 1ª. Atribuciones',41,8961,'El artículo 38 (página 8961) lista las atribuciones indelegables del Pleno. La aprobación de la estructura orgánica es una atribución de la Junta de Gobierno Local (art. 121) o el Alcalde (art. 117).','La aprobación de la estructura orgánica de la Administración Municipal.');
INSERT INTO `opciones`(`id`,`pregunta_id`,`texto`,`es_correcta`) VALUES (441,111,'La aprobación y modificación de los Reglamentos Orgánicos.',0);
INSERT INTO `opciones`(`id`,`pregunta_id`,`texto`,`es_correcta`) VALUES (442,111,'El ejercicio de la acción de responsabilidad contra los miembros de la Corporación.',0);
INSERT INTO `opciones`(`id`,`pregunta_id`,`texto`,`es_correcta`) VALUES (443,111,'La aprobación de la estructura orgánica de la Administración Municipal.',1);
INSERT INTO `opciones`(`id`,`pregunta_id`,`texto`,`es_correcta`) VALUES (444,111,'El planeamiento general de la ciudad.',0);
INSERT INTO `preguntas`(`id`,`titulo_id`,`texto`,`epigrafe`,`pagina_pdf`,`pagina_bop`,`explicacion`,`respuesta_correcta`) VALUES (112,1,'¿Qué ocurre si un Concejal cambia de Grupo Político o deja de pertenecer al que se integró?','Título I. De los Grupos Políticos y la Participación Ciudadana – Sección 1ª. Grupos Políticos',56,8976,'El artículo 132 del ROM (página 8976) regula la condición de Concejal no adscrito.','Adquiere la condición de Concejal no adscrito.');
INSERT INTO `opciones`(`id`,`pregunta_id`,`texto`,`es_correcta`) VALUES (445,112,'Se integra automáticamente en el Grupo Político del Alcalde.',0);
INSERT INTO `opciones`(`id`,`pregunta_id`,`texto`,`es_correcta`) VALUES (446,112,'Pasa a ser miembro de la Junta de Gobierno Local.',0);
INSERT INTO `opciones`(`id`,`pregunta_id`,`texto`,`es_correcta`) VALUES (447,112,'Adquiere la condición de Concejal no adscrito.',1);
INSERT INTO `opciones`(`id`,`pregunta_id`,`texto`,`es_correcta`) VALUES (448,112,'Es suspendido de sus funciones por el Pleno.',0);
INSERT INTO `preguntas`(`id`,`titulo_id`,`texto`,`epigrafe`,`pagina_pdf`,`pagina_bop`,`explicacion`,`respuesta_correcta`) VALUES (113,1,'¿Cuál es el sistema preferente de documentación de las sesiones plenarias, según el ROM?','Título I. Del Pleno y sus Comisiones – Sección 2ª. Actas',50,8970,'El artículo 99 del ROM (página 8970) establece la vídeo-acta como sistema preferente.','Vídeo-acta.');
INSERT INTO `opciones`(`id`,`pregunta_id`,`texto`,`es_correcta`) VALUES (449,113,'Acta manuscrita.',0);
INSERT INTO `opciones`(`id`,`pregunta_id`,`texto`,`es_correcta`) VALUES (450,113,'Acta notarial.',0);
INSERT INTO `opciones`(`id`,`pregunta_id`,`texto`,`es_correcta`) VALUES (451,113,'Vídeo-acta.',1);
INSERT INTO `opciones`(`id`,`pregunta_id`,`texto`,`es_correcta`) VALUES (452,113,'Grabación de audio.',0);
INSERT INTO `preguntas`(`id`,`titulo_id`,`texto`,`epigrafe`,`pagina_pdf`,`pagina_bop`,`explicacion`,`respuesta_correcta`) VALUES (114,1,'¿Qué documentación debe acompañar a la vídeo-acta de la sesión plenaria?','Título I. Del Pleno y sus Comisiones – Sección 2ª. Actas',50,8970,'El artículo 99 del ROM (página 8970) exige la certificación de autenticidad e integridad de la grabación.','Una certificación de autenticidad e integridad.');
INSERT INTO `opciones`(`id`,`pregunta_id`,`texto`,`es_correcta`) VALUES (453,114,'Un informe del Interventor General.',0);
INSERT INTO `opciones`(`id`,`pregunta_id`,`texto`,`es_correcta`) VALUES (454,114,'Una certificación de autenticidad e integridad.',1);
INSERT INTO `opciones`(`id`,`pregunta_id`,`texto`,`es_correcta`) VALUES (455,114,'La firma de todos los concejales.',0);
INSERT INTO `opciones`(`id`,`pregunta_id`,`texto`,`es_correcta`) VALUES (456,114,'El extracto de las intervenciones más relevantes.',0);
INSERT INTO `preguntas`(`id`,`titulo_id`,`texto`,`epigrafe`,`pagina_pdf`,`pagina_bop`,`explicacion`,`respuesta_correcta`) VALUES (115,1,'¿Qué órgano colegiado conoce la aprobación inicial de las Ordenanzas y Reglamentos?','Título I. Del Pleno y sus Comisiones – Sección 1ª. Atribuciones',41,8961,'El artículo 38 del ROM (página 8961) atribuye al Pleno la aprobación inicial y definitiva de los reglamentos.','El Pleno del Ayuntamiento.');
INSERT INTO `opciones`(`id`,`pregunta_id`,`texto`,`es_correcta`) VALUES (457,115,'La Junta de Gobierno Local.',0);
INSERT INTO `opciones`(`id`,`pregunta_id`,`texto`,`es_correcta`) VALUES (458,115,'El Pleno del Ayuntamiento.',1);
INSERT INTO `opciones`(`id`,`pregunta_id`,`texto`,`es_correcta`) VALUES (459,115,'Las Comisiones del Pleno.',0);
INSERT INTO `opciones`(`id`,`pregunta_id`,`texto`,`es_correcta`) VALUES (460,115,'El Alcalde mediante Decreto.',0);
INSERT INTO `preguntas`(`id`,`titulo_id`,`texto`,`epigrafe`,`pagina_pdf`,`pagina_bop`,`explicacion`,`respuesta_correcta`) VALUES (116,1,'En la sustitución del Alcalde por ausencia, ¿quién le sustituye?','Título I. Del Alcalde y de la Junta de Gobierno Local – Sección 1ª. El Alcalde',54,8974,'El artículo 118 del ROM (página 8974) establece el orden de sustitución.','Los Tenientes de Alcalde, por su orden de nombramiento.');
INSERT INTO `opciones`(`id`,`pregunta_id`,`texto`,`es_correcta`) VALUES (461,116,'El Concejal de mayor edad.',0);
INSERT INTO `opciones`(`id`,`pregunta_id`,`texto`,`es_correcta`) VALUES (462,116,'El Portavoz del Grupo Municipal más votado.',0);
INSERT INTO `opciones`(`id`,`pregunta_id`,`texto`,`es_correcta`) VALUES (463,116,'Los Tenientes de Alcalde, por su orden de nombramiento.',1);
INSERT INTO `opciones`(`id`,`pregunta_id`,`texto`,`es_correcta`) VALUES (464,116,'El Concejal en quien el Pleno delegue.',0);
INSERT INTO `preguntas`(`id`,`titulo_id`,`texto`,`epigrafe`,`pagina_pdf`,`pagina_bop`,`explicacion`,`respuesta_correcta`) VALUES (117,1,'¿Qué norma debe regular la organización y el funcionamiento de la Comisión Especial de Sugerencias y Reclamaciones?','Título I. Del Pleno y sus Comisiones – Sección 4ª. Comisión Especial de Sugerencias y Reclamaciones',53,8973,'El artículo 111 del ROM (página 8973) señala que su organización y funcionamiento se regirá por este Reglamento.','El Reglamento Orgánico Municipal (ROM).');
INSERT INTO `opciones`(`id`,`pregunta_id`,`texto`,`es_correcta`) VALUES (465,117,'El Código de Buen Gobierno Local.',0);
INSERT INTO `opciones`(`id`,`pregunta_id`,`texto`,`es_correcta`) VALUES (466,117,'El Plan General de Ordenación Urbana.',0);
INSERT INTO `opciones`(`id`,`pregunta_id`,`texto`,`es_correcta`) VALUES (467,117,'El Reglamento Orgánico Municipal (ROM).',1);
INSERT INTO `opciones`(`id`,`pregunta_id`,`texto`,`es_correcta`) VALUES (468,117,'Una Ordenanza de Participación Ciudadana específica.',0);
INSERT INTO `preguntas`(`id`,`titulo_id`,`texto`,`epigrafe`,`pagina_pdf`,`pagina_bop`,`explicacion`,`respuesta_correcta`) VALUES (118,1,'¿Cuál es el requisito para que un acuerdo del Pleno pueda ser objeto de reconsideración?','Título I. Del Pleno y sus Comisiones – Sección 1ª. Votaciones',47,8967,'El artículo 66 del ROM (página 8967) establece el requisito de la moción de reconsideración por mayoría absoluta.','Moción de reconsideración motivada, presentada y firmada por la mayoría absoluta de los miembros de la Corporación que formen parte del Pleno, con anterioridad a la inclusión del asunto en el Orden del Día de la sesión en la que deba volverse a tratar.');
INSERT INTO `opciones`(`id`,`pregunta_id`,`texto`,`es_correcta`) VALUES (469,118,'Petición del Alcalde.',0);
INSERT INTO `opciones`(`id`,`pregunta_id`,`texto`,`es_correcta`) VALUES (470,118,'Petición de un tercio de los concejales en la sesión siguiente.',0);
INSERT INTO `opciones`(`id`,`pregunta_id`,`texto`,`es_correcta`) VALUES (471,118,'Moción de reconsideración motivada, presentada y firmada por la mayoría absoluta de los miembros de la Corporación que formen parte del Pleno, con anterioridad a la inclusión del asunto en el Orden del Día de la sesión en la que deba volverse a tratar.',1);
INSERT INTO `opciones`(`id`,`pregunta_id`,`texto`,`es_correcta`) VALUES (472,118,'Acuerdo de la Junta de Gobierno Local por mayoría simple.',0);
INSERT INTO `preguntas`(`id`,`titulo_id`,`texto`,`epigrafe`,`pagina_pdf`,`pagina_bop`,`explicacion`,`respuesta_correcta`) VALUES (119,1,'¿En qué momento debe el Alcalde dar cuenta al Pleno de las resoluciones que dicte en ejercicio de sus atribuciones?','Título I. Del Alcalde y de la Junta de Gobierno Local – Sección 1ª. El Alcalde',54,8974,'El artículo 117 del ROM (página 8974) establece el deber de dar cuenta al Pleno.','En la sesión ordinaria inmediatamente posterior a dictarse, o en la que se celebre dentro del plazo máximo de un mes.');
INSERT INTO `opciones`(`id`,`pregunta_id`,`texto`,`es_correcta`) VALUES (473,119,'Semestralmente, mediante informe escrito.',0);
INSERT INTO `opciones`(`id`,`pregunta_id`,`texto`,`es_correcta`) VALUES (474,119,'En la sesión ordinaria inmediatamente posterior a dictarse, o en la que se celebre dentro del plazo máximo de un mes.',1);
INSERT INTO `opciones`(`id`,`pregunta_id`,`texto`,`es_correcta`) VALUES (475,119,'Mensualmente, en la Junta de Portavoces.',0);
INSERT INTO `opciones`(`id`,`pregunta_id`,`texto`,`es_correcta`) VALUES (476,119,'Al final de su mandato.',0);
INSERT INTO `preguntas`(`id`,`titulo_id`,`texto`,`epigrafe`,`pagina_pdf`,`pagina_bop`,`explicacion`,`respuesta_correcta`) VALUES (120,1,'¿Qué se entiende por "Voto de calidad" del Alcalde en las votaciones del Pleno?','Título I. Del Pleno y sus Comisiones – Sección 1ª. Votaciones',47,8967,'El artículo 63 del ROM (página 8967) remite a la legislación de régimen local para el voto de calidad del Alcalde o de quien presida.','El que decide el resultado en caso de empate, según lo previsto por la legislación de régimen local.');
INSERT INTO `opciones`(`id`,`pregunta_id`,`texto`,`es_correcta`) VALUES (477,120,'La capacidad de emitir un voto ponderado en función del número de votos de su Grupo.',0);
INSERT INTO `opciones`(`id`,`pregunta_id`,`texto`,`es_correcta`) VALUES (478,120,'La necesidad de su voto para alcanzar la mayoría absoluta.',0);
INSERT INTO `opciones`(`id`,`pregunta_id`,`texto`,`es_correcta`) VALUES (479,120,'La posibilidad de delegar su voto en un Teniente de Alcalde.',0);
INSERT INTO `opciones`(`id`,`pregunta_id`,`texto`,`es_correcta`) VALUES (480,120,'El que decide el resultado en caso de empate, según lo previsto por la legislación de régimen local.',1);
INSERT INTO `preguntas`(`id`,`titulo_id`,`texto`,`epigrafe`,`pagina_pdf`,`pagina_bop`,`explicacion`,`respuesta_correcta`) VALUES (121,1,'Conforme al ROM, la inclusión de un asunto no previsto en el orden del día en sesión extraordinaria requiere','Título I – Pleno – Orden del día',1,7,'La urgencia debe declararse formalmente y con anterioridad al debate, con el quórum fijado en el ROM.','declaración previa de urgencia adoptada por mayoría simple antes de entrar en el fondo');
INSERT INTO `opciones`(`id`,`pregunta_id`,`texto`,`es_correcta`) VALUES (481,121,'acuerdo unánime de la Junta de Portavoces al final del debate',0);
INSERT INTO `opciones`(`id`,`pregunta_id`,`texto`,`es_correcta`) VALUES (482,121,'declaración previa de urgencia adoptada por mayoría simple antes de entrar en el fondo',1);
INSERT INTO `opciones`(`id`,`pregunta_id`,`texto`,`es_correcta`) VALUES (483,121,'ratificación posterior por la Junta de Gobierno Local',0);
INSERT INTO `opciones`(`id`,`pregunta_id`,`texto`,`es_correcta`) VALUES (484,121,'autorización de la Secretaría General mediante informe',0);
INSERT INTO `preguntas`(`id`,`titulo_id`,`texto`,`epigrafe`,`pagina_pdf`,`pagina_bop`,`explicacion`,`respuesta_correcta`) VALUES (122,1,'El acta de la sesión debe recoger, como mínimo,','Título II – Gobierno – Alcaldía',1,74,'El ROM fija un contenido mínimo del acta que garantiza la fe pública y la memoria corporativa.','asistentes, lugar y tiempo, orden del día, puntos principales de las deliberaciones y acuerdos');
INSERT INTO `opciones`(`id`,`pregunta_id`,`texto`,`es_correcta`) VALUES (485,122,'transcripción literal obligatoria de todas las intervenciones',0);
INSERT INTO `opciones`(`id`,`pregunta_id`,`texto`,`es_correcta`) VALUES (486,122,'solo el resultado de las votaciones y las intervenciones del público',0);
INSERT INTO `opciones`(`id`,`pregunta_id`,`texto`,`es_correcta`) VALUES (487,122,'un resumen periodístico elaborado por la Alcaldía',0);
INSERT INTO `opciones`(`id`,`pregunta_id`,`texto`,`es_correcta`) VALUES (488,122,'asistentes, lugar y tiempo, orden del día, puntos principales de las deliberaciones y acuerdos',1);
INSERT INTO `preguntas`(`id`,`titulo_id`,`texto`,`epigrafe`,`pagina_pdf`,`pagina_bop`,`explicacion`,`respuesta_correcta`) VALUES (123,1,'La Junta de Gobierno Local se caracteriza por ser','Título I – Publicidad y transparencia',1,21,'El ROM delimita su naturaleza ejecutiva y su colaboración en la dirección política bajo la Presidencia de la Alcaldía.','órgano colegiado que colabora en la dirección política y ejerce funciones ejecutivas y administrativas');
INSERT INTO `opciones`(`id`,`pregunta_id`,`texto`,`es_correcta`) VALUES (489,123,'el sustituto del Pleno en la potestad reglamentaria',0);
INSERT INTO `opciones`(`id`,`pregunta_id`,`texto`,`es_correcta`) VALUES (490,123,'un órgano consultivo sin capacidad ejecutiva',0);
INSERT INTO `opciones`(`id`,`pregunta_id`,`texto`,`es_correcta`) VALUES (491,123,'un órgano jurisdiccional de revisión de acuerdos',0);
INSERT INTO `opciones`(`id`,`pregunta_id`,`texto`,`es_correcta`) VALUES (492,123,'órgano colegiado que colabora en la dirección política y ejerce funciones ejecutivas y administrativas',1);
INSERT INTO `preguntas`(`id`,`titulo_id`,`texto`,`epigrafe`,`pagina_pdf`,`pagina_bop`,`explicacion`,`respuesta_correcta`) VALUES (124,1,'En caso de empate en votación del Pleno, el ROM prevé','Título VI – Transparencia y buen gobierno',1,67,'Regla clásica de órganos colegiados locales: doble votación y voto de calidad de la Presidencia.','segunda votación y, si persiste, decisión por voto de calidad de la Presidencia cuando proceda');
INSERT INTO `opciones`(`id`,`pregunta_id`,`texto`,`es_correcta`) VALUES (493,124,'remisión del asunto a la Junta de Portavoces para dictamen vinculante',0);
INSERT INTO `opciones`(`id`,`pregunta_id`,`texto`,`es_correcta`) VALUES (494,124,'aprobación automática si hay mayoría simple de asistentes',0);
INSERT INTO `opciones`(`id`,`pregunta_id`,`texto`,`es_correcta`) VALUES (495,124,'resolución por sorteo entre concejales',0);
INSERT INTO `opciones`(`id`,`pregunta_id`,`texto`,`es_correcta`) VALUES (496,124,'segunda votación y, si persiste, decisión por voto de calidad de la Presidencia cuando proceda',1);
INSERT INTO `preguntas`(`id`,`titulo_id`,`texto`,`epigrafe`,`pagina_pdf`,`pagina_bop`,`explicacion`,`respuesta_correcta`) VALUES (125,1,'Para la válida constitución del Pleno en primera convocatoria se requiere','Título V – Contratación y patrimonio',1,47,'La regla de quorum de constitución en primera convocatoria es de mayoría absoluta del número legal.','la presencia de la mayoría absoluta del número legal de miembros');
INSERT INTO `opciones`(`id`,`pregunta_id`,`texto`,`es_correcta`) VALUES (497,125,'dos tercios de los miembros presentes',0);
INSERT INTO `opciones`(`id`,`pregunta_id`,`texto`,`es_correcta`) VALUES (498,125,'la mitad más uno de los asistentes',0);
INSERT INTO `opciones`(`id`,`pregunta_id`,`texto`,`es_correcta`) VALUES (499,125,'la presencia de la mayoría absoluta del número legal de miembros',1);
INSERT INTO `opciones`(`id`,`pregunta_id`,`texto`,`es_correcta`) VALUES (500,125,'un cuarto del total de concejales más la Presidencia',0);
INSERT INTO `preguntas`(`id`,`titulo_id`,`texto`,`epigrafe`,`pagina_pdf`,`pagina_bop`,`explicacion`,`respuesta_correcta`) VALUES (126,1,'La aprobación del presupuesto general municipal corresponde en todo caso a','Título I – Impulso, orientación política y control',1,74,'La competencia presupuestaria originaria es del Pleno, sin perjuicio de la gestión ejecutiva.','el Pleno');
INSERT INTO `opciones`(`id`,`pregunta_id`,`texto`,`es_correcta`) VALUES (501,126,'la Intervención General',0);
INSERT INTO `opciones`(`id`,`pregunta_id`,`texto`,`es_correcta`) VALUES (502,126,'la Secretaría General',0);
INSERT INTO `opciones`(`id`,`pregunta_id`,`texto`,`es_correcta`) VALUES (503,126,'la Junta de Gobierno Local',0);
INSERT INTO `opciones`(`id`,`pregunta_id`,`texto`,`es_correcta`) VALUES (504,126,'el Pleno',1);
INSERT INTO `preguntas`(`id`,`titulo_id`,`texto`,`epigrafe`,`pagina_pdf`,`pagina_bop`,`explicacion`,`respuesta_correcta`) VALUES (127,1,'Los ruegos y preguntas del Pleno se ubican','Título I – Pleno – Régimen de sesiones',1,56,'El ROM separa la parte decisoria de la parte de impulso y control.','en la parte de impulso, orientación política y control');
INSERT INTO `opciones`(`id`,`pregunta_id`,`texto`,`es_correcta`) VALUES (505,127,'siempre en la parte resolutiva',0);
INSERT INTO `opciones`(`id`,`pregunta_id`,`texto`,`es_correcta`) VALUES (506,127,'exclusivamente en comisiones informativas',0);
INSERT INTO `opciones`(`id`,`pregunta_id`,`texto`,`es_correcta`) VALUES (507,127,'solo en sesiones extraordinarias',0);
INSERT INTO `opciones`(`id`,`pregunta_id`,`texto`,`es_correcta`) VALUES (508,127,'en la parte de impulso, orientación política y control',1);
INSERT INTO `preguntas`(`id`,`titulo_id`,`texto`,`epigrafe`,`pagina_pdf`,`pagina_bop`,`explicacion`,`respuesta_correcta`) VALUES (128,1,'El informe de legalidad de la Secretaría General del Pleno','Título III – Procedimiento – Dación de cuenta',1,35,'Exclusividad del informe de legalidad, coexistiendo con el de Intervención para materias económico‑financieras.','es exclusivo una vez emitido y no puede ser sustituido por otro de órgano municipal distinto, sin perjuicio del de Intervención en su ámbito');
INSERT INTO `opciones`(`id`,`pregunta_id`,`texto`,`es_correcta`) VALUES (509,128,'pierde validez si no se publica en el BOP',0);
INSERT INTO `opciones`(`id`,`pregunta_id`,`texto`,`es_correcta`) VALUES (510,128,'debe ser refrendado por la Alcaldía para su validez',0);
INSERT INTO `opciones`(`id`,`pregunta_id`,`texto`,`es_correcta`) VALUES (511,128,'es exclusivo una vez emitido y no puede ser sustituido por otro de órgano municipal distinto, sin perjuicio del de Intervención en su ámbito',1);
INSERT INTO `opciones`(`id`,`pregunta_id`,`texto`,`es_correcta`) VALUES (512,128,'puede ser sustituido por informe de Tesorería',0);
INSERT INTO `preguntas`(`id`,`titulo_id`,`texto`,`epigrafe`,`pagina_pdf`,`pagina_bop`,`explicacion`,`respuesta_correcta`) VALUES (129,1,'El número máximo de Áreas de Gobierno fijado por el ROM es','Título VI – Participación ciudadana',1,37,'La Alcaldía define las Áreas hasta un máximo de diez, con denominación, atribuciones y servicios.','diez, correspondiendo a la Alcaldía su determinación y estructura');
INSERT INTO `opciones`(`id`,`pregunta_id`,`texto`,`es_correcta`) VALUES (513,129,'cinco, por acuerdo de la Junta de Gobierno Local',0);
INSERT INTO `opciones`(`id`,`pregunta_id`,`texto`,`es_correcta`) VALUES (514,129,'un número equivalente al de comisiones informativas',0);
INSERT INTO `opciones`(`id`,`pregunta_id`,`texto`,`es_correcta`) VALUES (515,129,'sin límite, a criterio de la Secretaría',0);
INSERT INTO `opciones`(`id`,`pregunta_id`,`texto`,`es_correcta`) VALUES (516,129,'diez, correspondiendo a la Alcaldía su determinación y estructura',1);
INSERT INTO `preguntas`(`id`,`titulo_id`,`texto`,`epigrafe`,`pagina_pdf`,`pagina_bop`,`explicacion`,`respuesta_correcta`) VALUES (130,1,'El nombramiento y cese de los miembros de la Junta de Gobierno Local corresponde a','Título I – Pleno – Régimen de sesiones',1,49,'La designación y cese son discrecionales de la Alcaldía, con límite cuantitativo reglado.','la Alcaldía, con el límite de un tercio del número legal de miembros del Pleno, además de la propia Alcaldía');
INSERT INTO `opciones`(`id`,`pregunta_id`,`texto`,`es_correcta`) VALUES (517,130,'la Alcaldía, con el límite de un tercio del número legal de miembros del Pleno, además de la propia Alcaldía',1);
INSERT INTO `opciones`(`id`,`pregunta_id`,`texto`,`es_correcta`) VALUES (518,130,'la Secretaría General mediante resolución motivada',0);
INSERT INTO `opciones`(`id`,`pregunta_id`,`texto`,`es_correcta`) VALUES (519,130,'el Pleno por mayoría absoluta, sin límite numérico',0);
INSERT INTO `opciones`(`id`,`pregunta_id`,`texto`,`es_correcta`) VALUES (520,130,'la Intervención con informe favorable del Pleno',0);
INSERT INTO `preguntas`(`id`,`titulo_id`,`texto`,`epigrafe`,`pagina_pdf`,`pagina_bop`,`explicacion`,`respuesta_correcta`) VALUES (131,1,'La fe pública de los actos y acuerdos del Pleno corresponde a','Título VII – Disposiciones finales y transitorias',1,32,'La fe pública se atribuye a la Secretaría General, garante de autenticidad de actos y acuerdos.','la Secretaría General del Pleno');
INSERT INTO `opciones`(`id`,`pregunta_id`,`texto`,`es_correcta`) VALUES (521,131,'la Junta de Portavoces',0);
INSERT INTO `opciones`(`id`,`pregunta_id`,`texto`,`es_correcta`) VALUES (522,131,'la Tesorería',0);
INSERT INTO `opciones`(`id`,`pregunta_id`,`texto`,`es_correcta`) VALUES (523,131,'la Intervención General',0);
INSERT INTO `opciones`(`id`,`pregunta_id`,`texto`,`es_correcta`) VALUES (524,131,'la Secretaría General del Pleno',1);
INSERT INTO `preguntas`(`id`,`titulo_id`,`texto`,`epigrafe`,`pagina_pdf`,`pagina_bop`,`explicacion`,`respuesta_correcta`) VALUES (132,1,'Las comisiones informativas tienen naturaleza','Título I – Pleno – Actas',1,52,'Son órganos de estudio y dictamen previos al Pleno, sin competencia decisoria.','estudio, informe o consulta sin atribuciones resolutorias');
INSERT INTO `opciones`(`id`,`pregunta_id`,`texto`,`es_correcta`) VALUES (525,132,'estudio, informe o consulta sin atribuciones resolutorias',1);
INSERT INTO `opciones`(`id`,`pregunta_id`,`texto`,`es_correcta`) VALUES (526,132,'resolutiva en materias delegadas',0);
INSERT INTO `opciones`(`id`,`pregunta_id`,`texto`,`es_correcta`) VALUES (527,132,'de control externo con potestad sancionadora',0);
INSERT INTO `opciones`(`id`,`pregunta_id`,`texto`,`es_correcta`) VALUES (528,132,'jurisdiccional',0);
INSERT INTO `preguntas`(`id`,`titulo_id`,`texto`,`epigrafe`,`pagina_pdf`,`pagina_bop`,`explicacion`,`respuesta_correcta`) VALUES (133,1,'La dación de cuenta de decretos de Alcaldía ante el Pleno tiene por objeto','Título I – Comisiones – Naturaleza y funciones',1,86,'La dación de cuenta no convalida ni sustituye publicidad; permite control y conocimiento.','garantizar el control político y la transparencia de la gestión');
INSERT INTO `opciones`(`id`,`pregunta_id`,`texto`,`es_correcta`) VALUES (529,133,'permitir su convalidación automática',0);
INSERT INTO `opciones`(`id`,`pregunta_id`,`texto`,`es_correcta`) VALUES (530,133,'otorgar validez jurídica a los decretos',0);
INSERT INTO `opciones`(`id`,`pregunta_id`,`texto`,`es_correcta`) VALUES (531,133,'garantizar el control político y la transparencia de la gestión',1);
INSERT INTO `opciones`(`id`,`pregunta_id`,`texto`,`es_correcta`) VALUES (532,133,'sustituir la publicación oficial',0);
INSERT INTO `preguntas`(`id`,`titulo_id`,`texto`,`epigrafe`,`pagina_pdf`,`pagina_bop`,`explicacion`,`respuesta_correcta`) VALUES (134,1,'La urgencia en la tramitación de un asunto exige','Título I – Pleno – Régimen de sesiones',1,7,'La urgencia requiere motivación y votación previa al fondo del asunto.','acuerdo previo motivado sobre la urgencia con mayoría simple');
INSERT INTO `opciones`(`id`,`pregunta_id`,`texto`,`es_correcta`) VALUES (533,134,'mayoría absoluta siempre',0);
INSERT INTO `opciones`(`id`,`pregunta_id`,`texto`,`es_correcta`) VALUES (534,134,'acuerdo previo motivado sobre la urgencia con mayoría simple',1);
INSERT INTO `opciones`(`id`,`pregunta_id`,`texto`,`es_correcta`) VALUES (535,134,'aprobación de la Junta de Gobierno Local',0);
INSERT INTO `opciones`(`id`,`pregunta_id`,`texto`,`es_correcta`) VALUES (536,134,'solicitud escrita de la oposición',0);
INSERT INTO `preguntas`(`id`,`titulo_id`,`texto`,`epigrafe`,`pagina_pdf`,`pagina_bop`,`explicacion`,`respuesta_correcta`) VALUES (135,1,'Las sesiones ordinarias del Pleno deben celebrarse','Título I – Pleno – Actas',1,78,'El Pleno aprueba su calendario/periodicidad de ordinarias.','con la periodicidad previamente fijada por el propio Pleno');
INSERT INTO `opciones`(`id`,`pregunta_id`,`texto`,`es_correcta`) VALUES (537,135,'con autorización de la Delegación del Gobierno',0);
INSERT INTO `opciones`(`id`,`pregunta_id`,`texto`,`es_correcta`) VALUES (538,135,'solo cuando lo pida la Junta de Portavoces',0);
INSERT INTO `opciones`(`id`,`pregunta_id`,`texto`,`es_correcta`) VALUES (539,135,'con la periodicidad previamente fijada por el propio Pleno',1);
INSERT INTO `opciones`(`id`,`pregunta_id`,`texto`,`es_correcta`) VALUES (540,135,'según decida la Secretaría cada mes',0);
INSERT INTO `preguntas`(`id`,`titulo_id`,`texto`,`epigrafe`,`pagina_pdf`,`pagina_bop`,`explicacion`,`respuesta_correcta`) VALUES (136,1,'El régimen de votaciones del Pleno establece como regla general','Título I – Pleno – Orden del día',1,58,'La votación ordinaria es regla, con posibilidad de nominal/secreta según ROM.','la votación ordinaria salvo previsión distinta del ROM o acuerdo nominal');
INSERT INTO `opciones`(`id`,`pregunta_id`,`texto`,`es_correcta`) VALUES (541,136,'la votación ordinaria salvo previsión distinta del ROM o acuerdo nominal',1);
INSERT INTO `opciones`(`id`,`pregunta_id`,`texto`,`es_correcta`) VALUES (542,136,'el voto secreto por defecto',0);
INSERT INTO `opciones`(`id`,`pregunta_id`,`texto`,`es_correcta`) VALUES (543,136,'el voto ponderado por grupos',0);
INSERT INTO `opciones`(`id`,`pregunta_id`,`texto`,`es_correcta`) VALUES (544,136,'la votación nominal siempre',0);
INSERT INTO `preguntas`(`id`,`titulo_id`,`texto`,`epigrafe`,`pagina_pdf`,`pagina_bop`,`explicacion`,`respuesta_correcta`) VALUES (137,1,'Los expedientes con eficacia jurídica directa deben incluirse','Título V – Convenios y encomiendas',1,2,'Deben tratarse separadamente y con documentación completa.','en capítulo diferenciado del orden del día, con informes preceptivos');
INSERT INTO `opciones`(`id`,`pregunta_id`,`texto`,`es_correcta`) VALUES (545,137,'en anexos informativos sin debate',0);
INSERT INTO `opciones`(`id`,`pregunta_id`,`texto`,`es_correcta`) VALUES (546,137,'en capítulo diferenciado del orden del día, con informes preceptivos',1);
INSERT INTO `opciones`(`id`,`pregunta_id`,`texto`,`es_correcta`) VALUES (547,137,'en ruegos y preguntas',0);
INSERT INTO `opciones`(`id`,`pregunta_id`,`texto`,`es_correcta`) VALUES (548,137,'en mociones de urgencia sin expediente',0);
INSERT INTO `preguntas`(`id`,`titulo_id`,`texto`,`epigrafe`,`pagina_pdf`,`pagina_bop`,`explicacion`,`respuesta_correcta`) VALUES (138,1,'La comparecencia de responsables ante una comisión informativa','Título III – Procedimiento – Urgencia',1,72,'Las comisiones pueden pedir comparecencias informativas sin carácter resolutorio.','puede acordarse para mejor información dentro de su ámbito');
INSERT INTO `opciones`(`id`,`pregunta_id`,`texto`,`es_correcta`) VALUES (549,138,'supone resolución definitiva',0);
INSERT INTO `opciones`(`id`,`pregunta_id`,`texto`,`es_correcta`) VALUES (550,138,'equivale a un informe preceptivo de legalidad',0);
INSERT INTO `opciones`(`id`,`pregunta_id`,`texto`,`es_correcta`) VALUES (551,138,'puede acordarse para mejor información dentro de su ámbito',1);
INSERT INTO `opciones`(`id`,`pregunta_id`,`texto`,`es_correcta`) VALUES (552,138,'es obligatoria semanalmente',0);
INSERT INTO `preguntas`(`id`,`titulo_id`,`texto`,`epigrafe`,`pagina_pdf`,`pagina_bop`,`explicacion`,`respuesta_correcta`) VALUES (139,1,'Los grupos municipales se constituyen','Título IV – Control interno y fiscalización',1,38,'El ROM reconoce y regula los grupos y sus portavoces.','conforme a las reglas del ROM y ejercen derechos de participación política');
INSERT INTO `opciones`(`id`,`pregunta_id`,`texto`,`es_correcta`) VALUES (553,139,'por decreto de Intervención',0);
INSERT INTO `opciones`(`id`,`pregunta_id`,`texto`,`es_correcta`) VALUES (554,139,'por designación de la Junta Electoral',0);
INSERT INTO `opciones`(`id`,`pregunta_id`,`texto`,`es_correcta`) VALUES (555,139,'únicamente por acuerdo de portavoces',0);
INSERT INTO `opciones`(`id`,`pregunta_id`,`texto`,`es_correcta`) VALUES (556,139,'conforme a las reglas del ROM y ejercen derechos de participación política',1);
INSERT INTO `preguntas`(`id`,`titulo_id`,`texto`,`epigrafe`,`pagina_pdf`,`pagina_bop`,`explicacion`,`respuesta_correcta`) VALUES (140,1,'La publicidad de las sesiones del Pleno tiene carácter','Título III – Procedimiento – Dación de cuenta',1,19,'Regla general de publicidad con excepciones tasadas por ley.','público salvo los casos legalmente excepcionados');
INSERT INTO `opciones`(`id`,`pregunta_id`,`texto`,`es_correcta`) VALUES (557,140,'siempre secreto',0);
INSERT INTO `opciones`(`id`,`pregunta_id`,`texto`,`es_correcta`) VALUES (558,140,'público salvo los casos legalmente excepcionados',1);
INSERT INTO `opciones`(`id`,`pregunta_id`,`texto`,`es_correcta`) VALUES (559,140,'condicionado a autorización judicial previa',0);
INSERT INTO `opciones`(`id`,`pregunta_id`,`texto`,`es_correcta`) VALUES (560,140,'discrecional de la Secretaría',0);
INSERT INTO `preguntas`(`id`,`titulo_id`,`texto`,`epigrafe`,`pagina_pdf`,`pagina_bop`,`explicacion`,`respuesta_correcta`) VALUES (141,1,'El derecho de acceso de los concejales a la información','Título VI – Transparencia y buen gobierno',1,36,'Acceso reforzado con límites legales.','debe facilitarse en plazo y forma, pudiendo condicionarse por protección de datos y secreto legal');
INSERT INTO `opciones`(`id`,`pregunta_id`,`texto`,`es_correcta`) VALUES (561,141,'se limita a expedientes del propio grupo',0);
INSERT INTO `opciones`(`id`,`pregunta_id`,`texto`,`es_correcta`) VALUES (562,141,'debe facilitarse en plazo y forma, pudiendo condicionarse por protección de datos y secreto legal',1);
INSERT INTO `opciones`(`id`,`pregunta_id`,`texto`,`es_correcta`) VALUES (563,141,'queda a criterio de la Secretaría',0);
INSERT INTO `opciones`(`id`,`pregunta_id`,`texto`,`es_correcta`) VALUES (564,141,'exige petición en Pleno',0);
INSERT INTO `preguntas`(`id`,`titulo_id`,`texto`,`epigrafe`,`pagina_pdf`,`pagina_bop`,`explicacion`,`respuesta_correcta`) VALUES (142,1,'La modificación del orden del día en sesión','Título I – Pleno – Orden del día',1,36,'Necesidad de acuerdo y, en su caso, urgencia previa.','puede acordarse, y la inclusión sobrevenida exige declaración previa de urgencia');
INSERT INTO `opciones`(`id`,`pregunta_id`,`texto`,`es_correcta`) VALUES (565,142,'se hace por decisión unilateral de la oposición',0);
INSERT INTO `opciones`(`id`,`pregunta_id`,`texto`,`es_correcta`) VALUES (566,142,'nunca es posible',0);
INSERT INTO `opciones`(`id`,`pregunta_id`,`texto`,`es_correcta`) VALUES (567,142,'puede acordarse, y la inclusión sobrevenida exige declaración previa de urgencia',1);
INSERT INTO `opciones`(`id`,`pregunta_id`,`texto`,`es_correcta`) VALUES (568,142,'es libre por la Secretaría',0);
INSERT INTO `preguntas`(`id`,`titulo_id`,`texto`,`epigrafe`,`pagina_pdf`,`pagina_bop`,`explicacion`,`respuesta_correcta`) VALUES (143,1,'El régimen disciplinario del personal se sujeta a','Título I – Grupos Municipales y Portavoces',1,29,'Sometimiento al marco básico y garantías procedimentales.','la legislación básica y al procedimiento establecido, con informes cuando procedan');
INSERT INTO `opciones`(`id`,`pregunta_id`,`texto`,`es_correcta`) VALUES (569,143,'decisión discrecional de la Presidencia',0);
INSERT INTO `opciones`(`id`,`pregunta_id`,`texto`,`es_correcta`) VALUES (570,143,'votación en Pleno siempre',0);
INSERT INTO `opciones`(`id`,`pregunta_id`,`texto`,`es_correcta`) VALUES (571,143,'comisión ciudadana',0);
INSERT INTO `opciones`(`id`,`pregunta_id`,`texto`,`es_correcta`) VALUES (572,143,'la legislación básica y al procedimiento establecido, con informes cuando procedan',1);
INSERT INTO `preguntas`(`id`,`titulo_id`,`texto`,`epigrafe`,`pagina_pdf`,`pagina_bop`,`explicacion`,`respuesta_correcta`) VALUES (144,1,'En contratación y patrimonio, el ROM prevé','Título III – Procedimiento – Urgencia',1,59,'Remisión a la legislación básica y control.','ajuste a la legislación básica, con control y dación de cuenta en los términos previstos');
INSERT INTO `opciones`(`id`,`pregunta_id`,`texto`,`es_correcta`) VALUES (573,144,'régimen propio al margen de la ley',0);
INSERT INTO `opciones`(`id`,`pregunta_id`,`texto`,`es_correcta`) VALUES (574,144,'omitir fiscalización por urgencia',0);
INSERT INTO `opciones`(`id`,`pregunta_id`,`texto`,`es_correcta`) VALUES (575,144,'ajuste a la legislación básica, con control y dación de cuenta en los términos previstos',1);
INSERT INTO `opciones`(`id`,`pregunta_id`,`texto`,`es_correcta`) VALUES (576,144,'adjudicación directa sin expediente',0);
INSERT INTO `preguntas`(`id`,`titulo_id`,`texto`,`epigrafe`,`pagina_pdf`,`pagina_bop`,`explicacion`,`respuesta_correcta`) VALUES (145,1,'La Intervención municipal ejerce','Título IV – Control interno y fiscalización',1,62,'Función de control económico‑financiero.','control interno y fiscalización de la gestión económico‑presupuestaria');
INSERT INTO `opciones`(`id`,`pregunta_id`,`texto`,`es_correcta`) VALUES (577,145,'fe pública de los acuerdos',0);
INSERT INTO `opciones`(`id`,`pregunta_id`,`texto`,`es_correcta`) VALUES (578,145,'control interno y fiscalización de la gestión económico‑presupuestaria',1);
INSERT INTO `opciones`(`id`,`pregunta_id`,`texto`,`es_correcta`) VALUES (579,145,'resolución de recursos de reposición',0);
INSERT INTO `opciones`(`id`,`pregunta_id`,`texto`,`es_correcta`) VALUES (580,145,'potestad reglamentaria general',0);
INSERT INTO `preguntas`(`id`,`titulo_id`,`texto`,`epigrafe`,`pagina_pdf`,`pagina_bop`,`explicacion`,`respuesta_correcta`) VALUES (146,1,'La Intervención municipal ejerce','Título VI – Participación ciudadana',1,4,'Función de control económico‑financiero.','control interno y fiscalización de la gestión económico‑presupuestaria');
INSERT INTO `opciones`(`id`,`pregunta_id`,`texto`,`es_correcta`) VALUES (581,146,'control interno y fiscalización de la gestión económico‑presupuestaria',1);
INSERT INTO `opciones`(`id`,`pregunta_id`,`texto`,`es_correcta`) VALUES (582,146,'fe pública de los acuerdos',0);
INSERT INTO `opciones`(`id`,`pregunta_id`,`texto`,`es_correcta`) VALUES (583,146,'potestad reglamentaria general',0);
INSERT INTO `opciones`(`id`,`pregunta_id`,`texto`,`es_correcta`) VALUES (584,146,'resolución de recursos de reposición',0);
INSERT INTO `preguntas`(`id`,`titulo_id`,`texto`,`epigrafe`,`pagina_pdf`,`pagina_bop`,`explicacion`,`respuesta_correcta`) VALUES (147,1,'En materia de participación ciudadana, el ROM prevé que','Título IV – Régimen económico y presupuestario',1,68,'Participación regulada y compatible con la naturaleza del órgano.','pueden articularse turnos o mecanismos reglados sin alterar la naturaleza decisoria del Pleno');
INSERT INTO `opciones`(`id`,`pregunta_id`,`texto`,`es_correcta`) VALUES (585,147,'se sustituya el informe jurídico por intervención del público',0);
INSERT INTO `opciones`(`id`,`pregunta_id`,`texto`,`es_correcta`) VALUES (586,147,'se otorgue voto a asociaciones inscritas en todos los puntos',0);
INSERT INTO `opciones`(`id`,`pregunta_id`,`texto`,`es_correcta`) VALUES (587,147,'se convierta el Pleno en asamblea abierta permanente',0);
INSERT INTO `opciones`(`id`,`pregunta_id`,`texto`,`es_correcta`) VALUES (588,147,'pueden articularse turnos o mecanismos reglados sin alterar la naturaleza decisoria del Pleno',1);
INSERT INTO `preguntas`(`id`,`titulo_id`,`texto`,`epigrafe`,`pagina_pdf`,`pagina_bop`,`explicacion`,`respuesta_correcta`) VALUES (148,1,'El régimen disciplinario del personal se sujeta a','Título I – Pleno – Votaciones',1,29,'Sometimiento al marco básico y garantías procedimentales.','la legislación básica y al procedimiento establecido, con informes cuando procedan');
INSERT INTO `opciones`(`id`,`pregunta_id`,`texto`,`es_correcta`) VALUES (589,148,'comisión ciudadana',0);
INSERT INTO `opciones`(`id`,`pregunta_id`,`texto`,`es_correcta`) VALUES (590,148,'votación en Pleno siempre',0);
INSERT INTO `opciones`(`id`,`pregunta_id`,`texto`,`es_correcta`) VALUES (591,148,'la legislación básica y al procedimiento establecido, con informes cuando procedan',1);
INSERT INTO `opciones`(`id`,`pregunta_id`,`texto`,`es_correcta`) VALUES (592,148,'decisión discrecional de la Presidencia',0);
INSERT INTO `preguntas`(`id`,`titulo_id`,`texto`,`epigrafe`,`pagina_pdf`,`pagina_bop`,`explicacion`,`respuesta_correcta`) VALUES (149,1,'La adopción de acuerdos en la JGL','Título VII – Disposiciones finales y transitorias',1,63,'Régimen colegiado con eficacia ejecutiva.','requiere quorum y mayorías establecidas; sus decisiones son ejecutivas dentro de sus competencias');
INSERT INTO `opciones`(`id`,`pregunta_id`,`texto`,`es_correcta`) VALUES (593,149,'son meramente consultivas',0);
INSERT INTO `opciones`(`id`,`pregunta_id`,`texto`,`es_correcta`) VALUES (594,149,'no requieren quorum',0);
INSERT INTO `opciones`(`id`,`pregunta_id`,`texto`,`es_correcta`) VALUES (595,149,'requiere quorum y mayorías establecidas; sus decisiones son ejecutivas dentro de sus competencias',1);
INSERT INTO `opciones`(`id`,`pregunta_id`,`texto`,`es_correcta`) VALUES (596,149,'carecen de eficacia hasta ratificación del Pleno',0);
INSERT INTO `preguntas`(`id`,`titulo_id`,`texto`,`epigrafe`,`pagina_pdf`,`pagina_bop`,`explicacion`,`respuesta_correcta`) VALUES (150,1,'El derecho de acceso de los concejales a la información','Título VI – Participación ciudadana',1,7,'Acceso reforzado con límites legales.','debe facilitarse en plazo y forma, pudiendo condicionarse por protección de datos y secreto legal');
INSERT INTO `opciones`(`id`,`pregunta_id`,`texto`,`es_correcta`) VALUES (597,150,'se limita a expedientes del propio grupo',0);
INSERT INTO `opciones`(`id`,`pregunta_id`,`texto`,`es_correcta`) VALUES (598,150,'exige petición en Pleno',0);
INSERT INTO `opciones`(`id`,`pregunta_id`,`texto`,`es_correcta`) VALUES (599,150,'queda a criterio de la Secretaría',0);
INSERT INTO `opciones`(`id`,`pregunta_id`,`texto`,`es_correcta`) VALUES (600,150,'debe facilitarse en plazo y forma, pudiendo condicionarse por protección de datos y secreto legal',1);
INSERT INTO `preguntas`(`id`,`titulo_id`,`texto`,`epigrafe`,`pagina_pdf`,`pagina_bop`,`explicacion`,`respuesta_correcta`) VALUES (151,1,'La modificación del orden del día en sesión','Título III – Procedimiento – Dación de cuenta',1,30,'Necesidad de acuerdo y, en su caso, urgencia previa.','puede acordarse, y la inclusión sobrevenida exige declaración previa de urgencia');
INSERT INTO `opciones`(`id`,`pregunta_id`,`texto`,`es_correcta`) VALUES (601,151,'puede acordarse, y la inclusión sobrevenida exige declaración previa de urgencia',1);
INSERT INTO `opciones`(`id`,`pregunta_id`,`texto`,`es_correcta`) VALUES (602,151,'es libre por la Secretaría',0);
INSERT INTO `opciones`(`id`,`pregunta_id`,`texto`,`es_correcta`) VALUES (603,151,'se hace por decisión unilateral de la oposición',0);
INSERT INTO `opciones`(`id`,`pregunta_id`,`texto`,`es_correcta`) VALUES (604,151,'nunca es posible',0);
INSERT INTO `preguntas`(`id`,`titulo_id`,`texto`,`epigrafe`,`pagina_pdf`,`pagina_bop`,`explicacion`,`respuesta_correcta`) VALUES (152,1,'Respecto a transparencia y buen gobierno, el ROM exige','Título I – Publicidad y transparencia',1,5,'Publicidad activa con respeto a límites y protección de datos.','publicidad activa de información institucional y organizativa con los límites legales');
INSERT INTO `opciones`(`id`,`pregunta_id`,`texto`,`es_correcta`) VALUES (605,152,'publicación de datos personales sensibles sin anonimización',0);
INSERT INTO `opciones`(`id`,`pregunta_id`,`texto`,`es_correcta`) VALUES (606,152,'eliminar el derecho de acceso a expedientes',0);
INSERT INTO `opciones`(`id`,`pregunta_id`,`texto`,`es_correcta`) VALUES (607,152,'sustituir la notificación personal por web',0);
INSERT INTO `opciones`(`id`,`pregunta_id`,`texto`,`es_correcta`) VALUES (608,152,'publicidad activa de información institucional y organizativa con los límites legales',1);
INSERT INTO `preguntas`(`id`,`titulo_id`,`texto`,`epigrafe`,`pagina_pdf`,`pagina_bop`,`explicacion`,`respuesta_correcta`) VALUES (153,1,'El régimen disciplinario del personal se sujeta a','Título VI – Transparencia y buen gobierno',1,53,'Sometimiento al marco básico y garantías procedimentales.','la legislación básica y al procedimiento establecido, con informes cuando procedan');
INSERT INTO `opciones`(`id`,`pregunta_id`,`texto`,`es_correcta`) VALUES (609,153,'decisión discrecional de la Presidencia',0);
INSERT INTO `opciones`(`id`,`pregunta_id`,`texto`,`es_correcta`) VALUES (610,153,'la legislación básica y al procedimiento establecido, con informes cuando procedan',1);
INSERT INTO `opciones`(`id`,`pregunta_id`,`texto`,`es_correcta`) VALUES (611,153,'votación en Pleno siempre',0);
INSERT INTO `opciones`(`id`,`pregunta_id`,`texto`,`es_correcta`) VALUES (612,153,'comisión ciudadana',0);
INSERT INTO `preguntas`(`id`,`titulo_id`,`texto`,`epigrafe`,`pagina_pdf`,`pagina_bop`,`explicacion`,`respuesta_correcta`) VALUES (154,1,'La adopción de acuerdos en la JGL','Título I – Pleno – Votaciones',1,25,'Régimen colegiado con eficacia ejecutiva.','requiere quorum y mayorías establecidas; sus decisiones son ejecutivas dentro de sus competencias');
INSERT INTO `opciones`(`id`,`pregunta_id`,`texto`,`es_correcta`) VALUES (613,154,'no requieren quorum',0);
INSERT INTO `opciones`(`id`,`pregunta_id`,`texto`,`es_correcta`) VALUES (614,154,'carecen de eficacia hasta ratificación del Pleno',0);
INSERT INTO `opciones`(`id`,`pregunta_id`,`texto`,`es_correcta`) VALUES (615,154,'son meramente consultivas',0);
INSERT INTO `opciones`(`id`,`pregunta_id`,`texto`,`es_correcta`) VALUES (616,154,'requiere quorum y mayorías establecidas; sus decisiones son ejecutivas dentro de sus competencias',1);
INSERT INTO `preguntas`(`id`,`titulo_id`,`texto`,`epigrafe`,`pagina_pdf`,`pagina_bop`,`explicacion`,`respuesta_correcta`) VALUES (155,1,'La modificación del orden del día en sesión','Título I – Pleno – Votaciones',1,9,'Necesidad de acuerdo y, en su caso, urgencia previa.','puede acordarse, y la inclusión sobrevenida exige declaración previa de urgencia');
INSERT INTO `opciones`(`id`,`pregunta_id`,`texto`,`es_correcta`) VALUES (617,155,'se hace por decisión unilateral de la oposición',0);
INSERT INTO `opciones`(`id`,`pregunta_id`,`texto`,`es_correcta`) VALUES (618,155,'nunca es posible',0);
INSERT INTO `opciones`(`id`,`pregunta_id`,`texto`,`es_correcta`) VALUES (619,155,'es libre por la Secretaría',0);
INSERT INTO `opciones`(`id`,`pregunta_id`,`texto`,`es_correcta`) VALUES (620,155,'puede acordarse, y la inclusión sobrevenida exige declaración previa de urgencia',1);
INSERT INTO `preguntas`(`id`,`titulo_id`,`texto`,`epigrafe`,`pagina_pdf`,`pagina_bop`,`explicacion`,`respuesta_correcta`) VALUES (156,1,'En materia de participación ciudadana, el ROM prevé que','Título IV – Control interno y fiscalización',1,69,'Participación regulada y compatible con la naturaleza del órgano.','pueden articularse turnos o mecanismos reglados sin alterar la naturaleza decisoria del Pleno');
INSERT INTO `opciones`(`id`,`pregunta_id`,`texto`,`es_correcta`) VALUES (621,156,'se otorgue voto a asociaciones inscritas en todos los puntos',0);
INSERT INTO `opciones`(`id`,`pregunta_id`,`texto`,`es_correcta`) VALUES (622,156,'se convierta el Pleno en asamblea abierta permanente',0);
INSERT INTO `opciones`(`id`,`pregunta_id`,`texto`,`es_correcta`) VALUES (623,156,'pueden articularse turnos o mecanismos reglados sin alterar la naturaleza decisoria del Pleno',1);
INSERT INTO `opciones`(`id`,`pregunta_id`,`texto`,`es_correcta`) VALUES (624,156,'se sustituya el informe jurídico por intervención del público',0);
INSERT INTO `preguntas`(`id`,`titulo_id`,`texto`,`epigrafe`,`pagina_pdf`,`pagina_bop`,`explicacion`,`respuesta_correcta`) VALUES (157,1,'Las delegaciones conferidas por el Pleno','Título II – Administración – Áreas y Direcciones',1,11,'Delegaciones con posibilidad de revocación/avocación.','son revocables y avocables en los términos del ROM y la legislación básica');
INSERT INTO `opciones`(`id`,`pregunta_id`,`texto`,`es_correcta`) VALUES (625,157,'solo caducan al final del mandato',0);
INSERT INTO `opciones`(`id`,`pregunta_id`,`texto`,`es_correcta`) VALUES (626,157,'son irrevocables',0);
INSERT INTO `opciones`(`id`,`pregunta_id`,`texto`,`es_correcta`) VALUES (627,157,'son revocables y avocables en los términos del ROM y la legislación básica',1);
INSERT INTO `opciones`(`id`,`pregunta_id`,`texto`,`es_correcta`) VALUES (628,157,'exigen autorización judicial para revocarse',0);
INSERT INTO `preguntas`(`id`,`titulo_id`,`texto`,`epigrafe`,`pagina_pdf`,`pagina_bop`,`explicacion`,`respuesta_correcta`) VALUES (158,1,'La Intervención municipal ejerce','Título III – Procedimiento – Dación de cuenta',1,76,'Función de control económico‑financiero.','control interno y fiscalización de la gestión económico‑presupuestaria');
INSERT INTO `opciones`(`id`,`pregunta_id`,`texto`,`es_correcta`) VALUES (629,158,'control interno y fiscalización de la gestión económico‑presupuestaria',1);
INSERT INTO `opciones`(`id`,`pregunta_id`,`texto`,`es_correcta`) VALUES (630,158,'potestad reglamentaria general',0);
INSERT INTO `opciones`(`id`,`pregunta_id`,`texto`,`es_correcta`) VALUES (631,158,'resolución de recursos de reposición',0);
INSERT INTO `opciones`(`id`,`pregunta_id`,`texto`,`es_correcta`) VALUES (632,158,'fe pública de los acuerdos',0);
INSERT INTO `preguntas`(`id`,`titulo_id`,`texto`,`epigrafe`,`pagina_pdf`,`pagina_bop`,`explicacion`,`respuesta_correcta`) VALUES (159,1,'El derecho de acceso de los concejales a la información','Título I – Comisiones – Naturaleza y funciones',1,14,'Acceso reforzado con límites legales.','debe facilitarse en plazo y forma, pudiendo condicionarse por protección de datos y secreto legal');
INSERT INTO `opciones`(`id`,`pregunta_id`,`texto`,`es_correcta`) VALUES (633,159,'queda a criterio de la Secretaría',0);
INSERT INTO `opciones`(`id`,`pregunta_id`,`texto`,`es_correcta`) VALUES (634,159,'debe facilitarse en plazo y forma, pudiendo condicionarse por protección de datos y secreto legal',1);
INSERT INTO `opciones`(`id`,`pregunta_id`,`texto`,`es_correcta`) VALUES (635,159,'exige petición en Pleno',0);
INSERT INTO `opciones`(`id`,`pregunta_id`,`texto`,`es_correcta`) VALUES (636,159,'se limita a expedientes del propio grupo',0);
INSERT INTO `preguntas`(`id`,`titulo_id`,`texto`,`epigrafe`,`pagina_pdf`,`pagina_bop`,`explicacion`,`respuesta_correcta`) VALUES (160,1,'Las delegaciones conferidas por el Pleno','Título III – Procedimiento – Dación de cuenta',1,17,'Delegaciones con posibilidad de revocación/avocación.','son revocables y avocables en los términos del ROM y la legislación básica');
INSERT INTO `opciones`(`id`,`pregunta_id`,`texto`,`es_correcta`) VALUES (637,160,'solo caducan al final del mandato',0);
INSERT INTO `opciones`(`id`,`pregunta_id`,`texto`,`es_correcta`) VALUES (638,160,'exigen autorización judicial para revocarse',0);
INSERT INTO `opciones`(`id`,`pregunta_id`,`texto`,`es_correcta`) VALUES (639,160,'son revocables y avocables en los términos del ROM y la legislación básica',1);
INSERT INTO `opciones`(`id`,`pregunta_id`,`texto`,`es_correcta`) VALUES (640,160,'son irrevocables',0);
INSERT INTO `preguntas`(`id`,`titulo_id`,`texto`,`epigrafe`,`pagina_pdf`,`pagina_bop`,`explicacion`,`respuesta_correcta`) VALUES (161,1,'La Intervención municipal ejerce','Título I – Pleno – Actas',1,7,'Función de control económico‑financiero.','control interno y fiscalización de la gestión económico‑presupuestaria');
INSERT INTO `opciones`(`id`,`pregunta_id`,`texto`,`es_correcta`) VALUES (641,161,'fe pública de los acuerdos',0);
INSERT INTO `opciones`(`id`,`pregunta_id`,`texto`,`es_correcta`) VALUES (642,161,'potestad reglamentaria general',0);
INSERT INTO `opciones`(`id`,`pregunta_id`,`texto`,`es_correcta`) VALUES (643,161,'resolución de recursos de reposición',0);
INSERT INTO `opciones`(`id`,`pregunta_id`,`texto`,`es_correcta`) VALUES (644,161,'control interno y fiscalización de la gestión económico‑presupuestaria',1);
INSERT INTO `preguntas`(`id`,`titulo_id`,`texto`,`epigrafe`,`pagina_pdf`,`pagina_bop`,`explicacion`,`respuesta_correcta`) VALUES (162,1,'La Intervención municipal ejerce','Título II – Administración – Personal directivo',1,14,'Función de control económico‑financiero.','control interno y fiscalización de la gestión económico‑presupuestaria');
INSERT INTO `opciones`(`id`,`pregunta_id`,`texto`,`es_correcta`) VALUES (645,162,'potestad reglamentaria general',0);
INSERT INTO `opciones`(`id`,`pregunta_id`,`texto`,`es_correcta`) VALUES (646,162,'resolución de recursos de reposición',0);
INSERT INTO `opciones`(`id`,`pregunta_id`,`texto`,`es_correcta`) VALUES (647,162,'fe pública de los acuerdos',0);
INSERT INTO `opciones`(`id`,`pregunta_id`,`texto`,`es_correcta`) VALUES (648,162,'control interno y fiscalización de la gestión económico‑presupuestaria',1);
INSERT INTO `preguntas`(`id`,`titulo_id`,`texto`,`epigrafe`,`pagina_pdf`,`pagina_bop`,`explicacion`,`respuesta_correcta`) VALUES (163,1,'Sobre órganos directivos, el ROM contempla que','Título II – Administración – Personal directivo',1,82,'Competencia del Pleno previa propuesta de la Alcaldía.','su creación/modificación requiere acuerdo del Pleno a propuesta de la Alcaldía');
INSERT INTO `opciones`(`id`,`pregunta_id`,`texto`,`es_correcta`) VALUES (649,163,'los crea la Secretaría por resolución',0);
INSERT INTO `opciones`(`id`,`pregunta_id`,`texto`,`es_correcta`) VALUES (650,163,'surgen por costumbre',0);
INSERT INTO `opciones`(`id`,`pregunta_id`,`texto`,`es_correcta`) VALUES (651,163,'se eligen por sufragio ciudadano',0);
INSERT INTO `opciones`(`id`,`pregunta_id`,`texto`,`es_correcta`) VALUES (652,163,'su creación/modificación requiere acuerdo del Pleno a propuesta de la Alcaldía',1);
INSERT INTO `preguntas`(`id`,`titulo_id`,`texto`,`epigrafe`,`pagina_pdf`,`pagina_bop`,`explicacion`,`respuesta_correcta`) VALUES (164,1,'En materia de participación ciudadana, el ROM prevé que','Título II – Gobierno – Alcaldía',1,67,'Participación regulada y compatible con la naturaleza del órgano.','pueden articularse turnos o mecanismos reglados sin alterar la naturaleza decisoria del Pleno');
INSERT INTO `opciones`(`id`,`pregunta_id`,`texto`,`es_correcta`) VALUES (653,164,'se convierta el Pleno en asamblea abierta permanente',0);
INSERT INTO `opciones`(`id`,`pregunta_id`,`texto`,`es_correcta`) VALUES (654,164,'se sustituya el informe jurídico por intervención del público',0);
INSERT INTO `opciones`(`id`,`pregunta_id`,`texto`,`es_correcta`) VALUES (655,164,'pueden articularse turnos o mecanismos reglados sin alterar la naturaleza decisoria del Pleno',1);
INSERT INTO `opciones`(`id`,`pregunta_id`,`texto`,`es_correcta`) VALUES (656,164,'se otorgue voto a asociaciones inscritas en todos los puntos',0);
INSERT INTO `preguntas`(`id`,`titulo_id`,`texto`,`epigrafe`,`pagina_pdf`,`pagina_bop`,`explicacion`,`respuesta_correcta`) VALUES (165,1,'Respecto a transparencia y buen gobierno, el ROM exige','Título II – Gobierno – Alcaldía',1,79,'Publicidad activa con respeto a límites y protección de datos.','publicidad activa de información institucional y organizativa con los límites legales');
INSERT INTO `opciones`(`id`,`pregunta_id`,`texto`,`es_correcta`) VALUES (657,165,'sustituir la notificación personal por web',0);
INSERT INTO `opciones`(`id`,`pregunta_id`,`texto`,`es_correcta`) VALUES (658,165,'publicación de datos personales sensibles sin anonimización',0);
INSERT INTO `opciones`(`id`,`pregunta_id`,`texto`,`es_correcta`) VALUES (659,165,'eliminar el derecho de acceso a expedientes',0);
INSERT INTO `opciones`(`id`,`pregunta_id`,`texto`,`es_correcta`) VALUES (660,165,'publicidad activa de información institucional y organizativa con los límites legales',1);
INSERT INTO `preguntas`(`id`,`titulo_id`,`texto`,`epigrafe`,`pagina_pdf`,`pagina_bop`,`explicacion`,`respuesta_correcta`) VALUES (166,1,'La Intervención municipal ejerce','Título I – Pleno – Orden del día',1,33,'Función de control económico‑financiero.','control interno y fiscalización de la gestión económico‑presupuestaria');
INSERT INTO `opciones`(`id`,`pregunta_id`,`texto`,`es_correcta`) VALUES (661,166,'potestad reglamentaria general',0);
INSERT INTO `opciones`(`id`,`pregunta_id`,`texto`,`es_correcta`) VALUES (662,166,'control interno y fiscalización de la gestión económico‑presupuestaria',1);
INSERT INTO `opciones`(`id`,`pregunta_id`,`texto`,`es_correcta`) VALUES (663,166,'fe pública de los acuerdos',0);
INSERT INTO `opciones`(`id`,`pregunta_id`,`texto`,`es_correcta`) VALUES (664,166,'resolución de recursos de reposición',0);
INSERT INTO `preguntas`(`id`,`titulo_id`,`texto`,`epigrafe`,`pagina_pdf`,`pagina_bop`,`explicacion`,`respuesta_correcta`) VALUES (167,1,'La adopción de acuerdos en la JGL','Título VI – Participación ciudadana',1,8,'Régimen colegiado con eficacia ejecutiva.','requiere quorum y mayorías establecidas; sus decisiones son ejecutivas dentro de sus competencias');
INSERT INTO `opciones`(`id`,`pregunta_id`,`texto`,`es_correcta`) VALUES (665,167,'carecen de eficacia hasta ratificación del Pleno',0);
INSERT INTO `opciones`(`id`,`pregunta_id`,`texto`,`es_correcta`) VALUES (666,167,'no requieren quorum',0);
INSERT INTO `opciones`(`id`,`pregunta_id`,`texto`,`es_correcta`) VALUES (667,167,'requiere quorum y mayorías establecidas; sus decisiones son ejecutivas dentro de sus competencias',1);
INSERT INTO `opciones`(`id`,`pregunta_id`,`texto`,`es_correcta`) VALUES (668,167,'son meramente consultivas',0);
INSERT INTO `preguntas`(`id`,`titulo_id`,`texto`,`epigrafe`,`pagina_pdf`,`pagina_bop`,`explicacion`,`respuesta_correcta`) VALUES (168,1,'La modificación del orden del día en sesión','Título I – Pleno – Orden del día',1,24,'Necesidad de acuerdo y, en su caso, urgencia previa.','puede acordarse, y la inclusión sobrevenida exige declaración previa de urgencia');
INSERT INTO `opciones`(`id`,`pregunta_id`,`texto`,`es_correcta`) VALUES (669,168,'se hace por decisión unilateral de la oposición',0);
INSERT INTO `opciones`(`id`,`pregunta_id`,`texto`,`es_correcta`) VALUES (670,168,'puede acordarse, y la inclusión sobrevenida exige declaración previa de urgencia',1);
INSERT INTO `opciones`(`id`,`pregunta_id`,`texto`,`es_correcta`) VALUES (671,168,'es libre por la Secretaría',0);
INSERT INTO `opciones`(`id`,`pregunta_id`,`texto`,`es_correcta`) VALUES (672,168,'nunca es posible',0);
INSERT INTO `preguntas`(`id`,`titulo_id`,`texto`,`epigrafe`,`pagina_pdf`,`pagina_bop`,`explicacion`,`respuesta_correcta`) VALUES (169,1,'Respecto a transparencia y buen gobierno, el ROM exige','Título II – Gobierno – Junta de Gobierno Local',1,13,'Publicidad activa con respeto a límites y protección de datos.','publicidad activa de información institucional y organizativa con los límites legales');
INSERT INTO `opciones`(`id`,`pregunta_id`,`texto`,`es_correcta`) VALUES (673,169,'eliminar el derecho de acceso a expedientes',0);
INSERT INTO `opciones`(`id`,`pregunta_id`,`texto`,`es_correcta`) VALUES (674,169,'sustituir la notificación personal por web',0);
INSERT INTO `opciones`(`id`,`pregunta_id`,`texto`,`es_correcta`) VALUES (675,169,'publicación de datos personales sensibles sin anonimización',0);
INSERT INTO `opciones`(`id`,`pregunta_id`,`texto`,`es_correcta`) VALUES (676,169,'publicidad activa de información institucional y organizativa con los límites legales',1);
INSERT INTO `preguntas`(`id`,`titulo_id`,`texto`,`epigrafe`,`pagina_pdf`,`pagina_bop`,`explicacion`,`respuesta_correcta`) VALUES (170,1,'Las delegaciones conferidas por el Pleno','Título I – Publicidad y transparencia',1,54,'Delegaciones con posibilidad de revocación/avocación.','son revocables y avocables en los términos del ROM y la legislación básica');
INSERT INTO `opciones`(`id`,`pregunta_id`,`texto`,`es_correcta`) VALUES (677,170,'son revocables y avocables en los términos del ROM y la legislación básica',1);
INSERT INTO `opciones`(`id`,`pregunta_id`,`texto`,`es_correcta`) VALUES (678,170,'solo caducan al final del mandato',0);
INSERT INTO `opciones`(`id`,`pregunta_id`,`texto`,`es_correcta`) VALUES (679,170,'son irrevocables',0);
INSERT INTO `opciones`(`id`,`pregunta_id`,`texto`,`es_correcta`) VALUES (680,170,'exigen autorización judicial para revocarse',0);
INSERT INTO `preguntas`(`id`,`titulo_id`,`texto`,`epigrafe`,`pagina_pdf`,`pagina_bop`,`explicacion`,`respuesta_correcta`) VALUES (171,1,'Respecto a transparencia y buen gobierno, el ROM exige','Título II – Administración – Organización interna',1,56,'Publicidad activa con respeto a límites y protección de datos.','publicidad activa de información institucional y organizativa con los límites legales');
INSERT INTO `opciones`(`id`,`pregunta_id`,`texto`,`es_correcta`) VALUES (681,171,'sustituir la notificación personal por web',0);
INSERT INTO `opciones`(`id`,`pregunta_id`,`texto`,`es_correcta`) VALUES (682,171,'eliminar el derecho de acceso a expedientes',0);
INSERT INTO `opciones`(`id`,`pregunta_id`,`texto`,`es_correcta`) VALUES (683,171,'publicidad activa de información institucional y organizativa con los límites legales',1);
INSERT INTO `opciones`(`id`,`pregunta_id`,`texto`,`es_correcta`) VALUES (684,171,'publicación de datos personales sensibles sin anonimización',0);
INSERT INTO `preguntas`(`id`,`titulo_id`,`texto`,`epigrafe`,`pagina_pdf`,`pagina_bop`,`explicacion`,`respuesta_correcta`) VALUES (172,1,'En contratación y patrimonio, el ROM prevé','Título II – Gobierno – Junta de Gobierno Local',1,60,'Remisión a la legislación básica y control.','ajuste a la legislación básica, con control y dación de cuenta en los términos previstos');
INSERT INTO `opciones`(`id`,`pregunta_id`,`texto`,`es_correcta`) VALUES (685,172,'ajuste a la legislación básica, con control y dación de cuenta en los términos previstos',1);
INSERT INTO `opciones`(`id`,`pregunta_id`,`texto`,`es_correcta`) VALUES (686,172,'régimen propio al margen de la ley',0);
INSERT INTO `opciones`(`id`,`pregunta_id`,`texto`,`es_correcta`) VALUES (687,172,'omitir fiscalización por urgencia',0);
INSERT INTO `opciones`(`id`,`pregunta_id`,`texto`,`es_correcta`) VALUES (688,172,'adjudicación directa sin expediente',0);
INSERT INTO `preguntas`(`id`,`titulo_id`,`texto`,`epigrafe`,`pagina_pdf`,`pagina_bop`,`explicacion`,`respuesta_correcta`) VALUES (173,1,'Sobre órganos directivos, el ROM contempla que','Título III – Procedimiento – Dación de cuenta',1,50,'Competencia del Pleno previa propuesta de la Alcaldía.','su creación/modificación requiere acuerdo del Pleno a propuesta de la Alcaldía');
INSERT INTO `opciones`(`id`,`pregunta_id`,`texto`,`es_correcta`) VALUES (689,173,'su creación/modificación requiere acuerdo del Pleno a propuesta de la Alcaldía',1);
INSERT INTO `opciones`(`id`,`pregunta_id`,`texto`,`es_correcta`) VALUES (690,173,'surgen por costumbre',0);
INSERT INTO `opciones`(`id`,`pregunta_id`,`texto`,`es_correcta`) VALUES (691,173,'se eligen por sufragio ciudadano',0);
INSERT INTO `opciones`(`id`,`pregunta_id`,`texto`,`es_correcta`) VALUES (692,173,'los crea la Secretaría por resolución',0);
INSERT INTO `preguntas`(`id`,`titulo_id`,`texto`,`epigrafe`,`pagina_pdf`,`pagina_bop`,`explicacion`,`respuesta_correcta`) VALUES (174,1,'Sobre órganos directivos, el ROM contempla que','Título I – Pleno – Orden del día',1,42,'Competencia del Pleno previa propuesta de la Alcaldía.','su creación/modificación requiere acuerdo del Pleno a propuesta de la Alcaldía');
INSERT INTO `opciones`(`id`,`pregunta_id`,`texto`,`es_correcta`) VALUES (693,174,'surgen por costumbre',0);
INSERT INTO `opciones`(`id`,`pregunta_id`,`texto`,`es_correcta`) VALUES (694,174,'los crea la Secretaría por resolución',0);
INSERT INTO `opciones`(`id`,`pregunta_id`,`texto`,`es_correcta`) VALUES (695,174,'se eligen por sufragio ciudadano',0);
INSERT INTO `opciones`(`id`,`pregunta_id`,`texto`,`es_correcta`) VALUES (696,174,'su creación/modificación requiere acuerdo del Pleno a propuesta de la Alcaldía',1);
INSERT INTO `preguntas`(`id`,`titulo_id`,`texto`,`epigrafe`,`pagina_pdf`,`pagina_bop`,`explicacion`,`respuesta_correcta`) VALUES (175,1,'Las delegaciones conferidas por el Pleno','Título IV – Control interno y fiscalización',1,4,'Delegaciones con posibilidad de revocación/avocación.','son revocables y avocables en los términos del ROM y la legislación básica');
INSERT INTO `opciones`(`id`,`pregunta_id`,`texto`,`es_correcta`) VALUES (697,175,'exigen autorización judicial para revocarse',0);
INSERT INTO `opciones`(`id`,`pregunta_id`,`texto`,`es_correcta`) VALUES (698,175,'solo caducan al final del mandato',0);
INSERT INTO `opciones`(`id`,`pregunta_id`,`texto`,`es_correcta`) VALUES (699,175,'son revocables y avocables en los términos del ROM y la legislación básica',1);
INSERT INTO `opciones`(`id`,`pregunta_id`,`texto`,`es_correcta`) VALUES (700,175,'son irrevocables',0);
INSERT INTO `preguntas`(`id`,`titulo_id`,`texto`,`epigrafe`,`pagina_pdf`,`pagina_bop`,`explicacion`,`respuesta_correcta`) VALUES (176,1,'Respecto a transparencia y buen gobierno, el ROM exige','Título VI – Transparencia y buen gobierno',1,18,'Publicidad activa con respeto a límites y protección de datos.','publicidad activa de información institucional y organizativa con los límites legales');
INSERT INTO `opciones`(`id`,`pregunta_id`,`texto`,`es_correcta`) VALUES (701,176,'eliminar el derecho de acceso a expedientes',0);
INSERT INTO `opciones`(`id`,`pregunta_id`,`texto`,`es_correcta`) VALUES (702,176,'sustituir la notificación personal por web',0);
INSERT INTO `opciones`(`id`,`pregunta_id`,`texto`,`es_correcta`) VALUES (703,176,'publicación de datos personales sensibles sin anonimización',0);
INSERT INTO `opciones`(`id`,`pregunta_id`,`texto`,`es_correcta`) VALUES (704,176,'publicidad activa de información institucional y organizativa con los límites legales',1);
INSERT INTO `preguntas`(`id`,`titulo_id`,`texto`,`epigrafe`,`pagina_pdf`,`pagina_bop`,`explicacion`,`respuesta_correcta`) VALUES (177,1,'En contratación y patrimonio, el ROM prevé','Título V – Convenios y encomiendas',1,77,'Remisión a la legislación básica y control.','ajuste a la legislación básica, con control y dación de cuenta en los términos previstos');
INSERT INTO `opciones`(`id`,`pregunta_id`,`texto`,`es_correcta`) VALUES (705,177,'omitir fiscalización por urgencia',0);
INSERT INTO `opciones`(`id`,`pregunta_id`,`texto`,`es_correcta`) VALUES (706,177,'régimen propio al margen de la ley',0);
INSERT INTO `opciones`(`id`,`pregunta_id`,`texto`,`es_correcta`) VALUES (707,177,'ajuste a la legislación básica, con control y dación de cuenta en los términos previstos',1);
INSERT INTO `opciones`(`id`,`pregunta_id`,`texto`,`es_correcta`) VALUES (708,177,'adjudicación directa sin expediente',0);
INSERT INTO `preguntas`(`id`,`titulo_id`,`texto`,`epigrafe`,`pagina_pdf`,`pagina_bop`,`explicacion`,`respuesta_correcta`) VALUES (178,1,'Sobre órganos directivos, el ROM contempla que','Título I – Pleno – Votaciones',1,3,'Competencia del Pleno previa propuesta de la Alcaldía.','su creación/modificación requiere acuerdo del Pleno a propuesta de la Alcaldía');
INSERT INTO `opciones`(`id`,`pregunta_id`,`texto`,`es_correcta`) VALUES (709,178,'surgen por costumbre',0);
INSERT INTO `opciones`(`id`,`pregunta_id`,`texto`,`es_correcta`) VALUES (710,178,'su creación/modificación requiere acuerdo del Pleno a propuesta de la Alcaldía',1);
INSERT INTO `opciones`(`id`,`pregunta_id`,`texto`,`es_correcta`) VALUES (711,178,'los crea la Secretaría por resolución',0);
INSERT INTO `opciones`(`id`,`pregunta_id`,`texto`,`es_correcta`) VALUES (712,178,'se eligen por sufragio ciudadano',0);
INSERT INTO `preguntas`(`id`,`titulo_id`,`texto`,`epigrafe`,`pagina_pdf`,`pagina_bop`,`explicacion`,`respuesta_correcta`) VALUES (179,1,'Las delegaciones conferidas por el Pleno','Título II – Administración – Áreas y Direcciones',1,66,'Delegaciones con posibilidad de revocación/avocación.','son revocables y avocables en los términos del ROM y la legislación básica');
INSERT INTO `opciones`(`id`,`pregunta_id`,`texto`,`es_correcta`) VALUES (713,179,'exigen autorización judicial para revocarse',0);
INSERT INTO `opciones`(`id`,`pregunta_id`,`texto`,`es_correcta`) VALUES (714,179,'solo caducan al final del mandato',0);
INSERT INTO `opciones`(`id`,`pregunta_id`,`texto`,`es_correcta`) VALUES (715,179,'son irrevocables',0);
INSERT INTO `opciones`(`id`,`pregunta_id`,`texto`,`es_correcta`) VALUES (716,179,'son revocables y avocables en los términos del ROM y la legislación básica',1);
INSERT INTO `preguntas`(`id`,`titulo_id`,`texto`,`epigrafe`,`pagina_pdf`,`pagina_bop`,`explicacion`,`respuesta_correcta`) VALUES (180,1,'En contratación y patrimonio, el ROM prevé','Título II – Gobierno – Junta de Gobierno Local',1,69,'Remisión a la legislación básica y control.','ajuste a la legislación básica, con control y dación de cuenta en los términos previstos');
INSERT INTO `opciones`(`id`,`pregunta_id`,`texto`,`es_correcta`) VALUES (717,180,'adjudicación directa sin expediente',0);
INSERT INTO `opciones`(`id`,`pregunta_id`,`texto`,`es_correcta`) VALUES (718,180,'omitir fiscalización por urgencia',0);
INSERT INTO `opciones`(`id`,`pregunta_id`,`texto`,`es_correcta`) VALUES (719,180,'ajuste a la legislación básica, con control y dación de cuenta en los términos previstos',1);
INSERT INTO `opciones`(`id`,`pregunta_id`,`texto`,`es_correcta`) VALUES (720,180,'régimen propio al margen de la ley',0);
INSERT INTO `preguntas`(`id`,`titulo_id`,`texto`,`epigrafe`,`pagina_pdf`,`pagina_bop`,`explicacion`,`respuesta_correcta`) VALUES (181,1,'El régimen disciplinario del personal se sujeta a','Título I – Pleno – Régimen de sesiones',1,41,'Sometimiento al marco básico y garantías procedimentales.','la legislación básica y al procedimiento establecido, con informes cuando procedan');
INSERT INTO `opciones`(`id`,`pregunta_id`,`texto`,`es_correcta`) VALUES (721,181,'decisión discrecional de la Presidencia',0);
INSERT INTO `opciones`(`id`,`pregunta_id`,`texto`,`es_correcta`) VALUES (722,181,'votación en Pleno siempre',0);
INSERT INTO `opciones`(`id`,`pregunta_id`,`texto`,`es_correcta`) VALUES (723,181,'comisión ciudadana',0);
INSERT INTO `opciones`(`id`,`pregunta_id`,`texto`,`es_correcta`) VALUES (724,181,'la legislación básica y al procedimiento establecido, con informes cuando procedan',1);
INSERT INTO `preguntas`(`id`,`titulo_id`,`texto`,`epigrafe`,`pagina_pdf`,`pagina_bop`,`explicacion`,`respuesta_correcta`) VALUES (182,1,'En materia de participación ciudadana, el ROM prevé que','Título II – Administración – Áreas y Direcciones',1,21,'Participación regulada y compatible con la naturaleza del órgano.','pueden articularse turnos o mecanismos reglados sin alterar la naturaleza decisoria del Pleno');
INSERT INTO `opciones`(`id`,`pregunta_id`,`texto`,`es_correcta`) VALUES (725,182,'se sustituya el informe jurídico por intervención del público',0);
INSERT INTO `opciones`(`id`,`pregunta_id`,`texto`,`es_correcta`) VALUES (726,182,'se otorgue voto a asociaciones inscritas en todos los puntos',0);
INSERT INTO `opciones`(`id`,`pregunta_id`,`texto`,`es_correcta`) VALUES (727,182,'se convierta el Pleno en asamblea abierta permanente',0);
INSERT INTO `opciones`(`id`,`pregunta_id`,`texto`,`es_correcta`) VALUES (728,182,'pueden articularse turnos o mecanismos reglados sin alterar la naturaleza decisoria del Pleno',1);
INSERT INTO `preguntas`(`id`,`titulo_id`,`texto`,`epigrafe`,`pagina_pdf`,`pagina_bop`,`explicacion`,`respuesta_correcta`) VALUES (183,1,'Sobre órganos directivos, el ROM contempla que','Título VI – Participación ciudadana',1,51,'Competencia del Pleno previa propuesta de la Alcaldía.','su creación/modificación requiere acuerdo del Pleno a propuesta de la Alcaldía');
INSERT INTO `opciones`(`id`,`pregunta_id`,`texto`,`es_correcta`) VALUES (729,183,'los crea la Secretaría por resolución',0);
INSERT INTO `opciones`(`id`,`pregunta_id`,`texto`,`es_correcta`) VALUES (730,183,'su creación/modificación requiere acuerdo del Pleno a propuesta de la Alcaldía',1);
INSERT INTO `opciones`(`id`,`pregunta_id`,`texto`,`es_correcta`) VALUES (731,183,'surgen por costumbre',0);
INSERT INTO `opciones`(`id`,`pregunta_id`,`texto`,`es_correcta`) VALUES (732,183,'se eligen por sufragio ciudadano',0);
INSERT INTO `preguntas`(`id`,`titulo_id`,`texto`,`epigrafe`,`pagina_pdf`,`pagina_bop`,`explicacion`,`respuesta_correcta`) VALUES (184,1,'En materia de participación ciudadana, el ROM prevé que','Título IV – Régimen económico y presupuestario',1,89,'Participación regulada y compatible con la naturaleza del órgano.','pueden articularse turnos o mecanismos reglados sin alterar la naturaleza decisoria del Pleno');
INSERT INTO `opciones`(`id`,`pregunta_id`,`texto`,`es_correcta`) VALUES (733,184,'pueden articularse turnos o mecanismos reglados sin alterar la naturaleza decisoria del Pleno',1);
INSERT INTO `opciones`(`id`,`pregunta_id`,`texto`,`es_correcta`) VALUES (734,184,'se sustituya el informe jurídico por intervención del público',0);
INSERT INTO `opciones`(`id`,`pregunta_id`,`texto`,`es_correcta`) VALUES (735,184,'se otorgue voto a asociaciones inscritas en todos los puntos',0);
INSERT INTO `opciones`(`id`,`pregunta_id`,`texto`,`es_correcta`) VALUES (736,184,'se convierta el Pleno en asamblea abierta permanente',0);
INSERT INTO `preguntas`(`id`,`titulo_id`,`texto`,`epigrafe`,`pagina_pdf`,`pagina_bop`,`explicacion`,`respuesta_correcta`) VALUES (185,1,'Las delegaciones conferidas por el Pleno','Título I – Impulso, orientación política y control',1,42,'Delegaciones con posibilidad de revocación/avocación.','son revocables y avocables en los términos del ROM y la legislación básica');
INSERT INTO `opciones`(`id`,`pregunta_id`,`texto`,`es_correcta`) VALUES (737,185,'son irrevocables',0);
INSERT INTO `opciones`(`id`,`pregunta_id`,`texto`,`es_correcta`) VALUES (738,185,'son revocables y avocables en los términos del ROM y la legislación básica',1);
INSERT INTO `opciones`(`id`,`pregunta_id`,`texto`,`es_correcta`) VALUES (739,185,'exigen autorización judicial para revocarse',0);
INSERT INTO `opciones`(`id`,`pregunta_id`,`texto`,`es_correcta`) VALUES (740,185,'solo caducan al final del mandato',0);
INSERT INTO `preguntas`(`id`,`titulo_id`,`texto`,`epigrafe`,`pagina_pdf`,`pagina_bop`,`explicacion`,`respuesta_correcta`) VALUES (186,1,'En materia de participación ciudadana, el ROM prevé que','Título V – Convenios y encomiendas',1,23,'Participación regulada y compatible con la naturaleza del órgano.','pueden articularse turnos o mecanismos reglados sin alterar la naturaleza decisoria del Pleno');
INSERT INTO `opciones`(`id`,`pregunta_id`,`texto`,`es_correcta`) VALUES (741,186,'se convierta el Pleno en asamblea abierta permanente',0);
INSERT INTO `opciones`(`id`,`pregunta_id`,`texto`,`es_correcta`) VALUES (742,186,'se sustituya el informe jurídico por intervención del público',0);
INSERT INTO `opciones`(`id`,`pregunta_id`,`texto`,`es_correcta`) VALUES (743,186,'pueden articularse turnos o mecanismos reglados sin alterar la naturaleza decisoria del Pleno',1);
INSERT INTO `opciones`(`id`,`pregunta_id`,`texto`,`es_correcta`) VALUES (744,186,'se otorgue voto a asociaciones inscritas en todos los puntos',0);
INSERT INTO `preguntas`(`id`,`titulo_id`,`texto`,`epigrafe`,`pagina_pdf`,`pagina_bop`,`explicacion`,`respuesta_correcta`) VALUES (187,1,'Las delegaciones conferidas por el Pleno','Título VI – Transparencia y buen gobierno',1,3,'Delegaciones con posibilidad de revocación/avocación.','son revocables y avocables en los términos del ROM y la legislación básica');
INSERT INTO `opciones`(`id`,`pregunta_id`,`texto`,`es_correcta`) VALUES (745,187,'son revocables y avocables en los términos del ROM y la legislación básica',1);
INSERT INTO `opciones`(`id`,`pregunta_id`,`texto`,`es_correcta`) VALUES (746,187,'solo caducan al final del mandato',0);
INSERT INTO `opciones`(`id`,`pregunta_id`,`texto`,`es_correcta`) VALUES (747,187,'son irrevocables',0);
INSERT INTO `opciones`(`id`,`pregunta_id`,`texto`,`es_correcta`) VALUES (748,187,'exigen autorización judicial para revocarse',0);
INSERT INTO `preguntas`(`id`,`titulo_id`,`texto`,`epigrafe`,`pagina_pdf`,`pagina_bop`,`explicacion`,`respuesta_correcta`) VALUES (188,1,'El derecho de acceso de los concejales a la información','Título I – Pleno – Votaciones',1,35,'Acceso reforzado con límites legales.','debe facilitarse en plazo y forma, pudiendo condicionarse por protección de datos y secreto legal');
INSERT INTO `opciones`(`id`,`pregunta_id`,`texto`,`es_correcta`) VALUES (749,188,'exige petición en Pleno',0);
INSERT INTO `opciones`(`id`,`pregunta_id`,`texto`,`es_correcta`) VALUES (750,188,'queda a criterio de la Secretaría',0);
INSERT INTO `opciones`(`id`,`pregunta_id`,`texto`,`es_correcta`) VALUES (751,188,'debe facilitarse en plazo y forma, pudiendo condicionarse por protección de datos y secreto legal',1);
INSERT INTO `opciones`(`id`,`pregunta_id`,`texto`,`es_correcta`) VALUES (752,188,'se limita a expedientes del propio grupo',0);
INSERT INTO `preguntas`(`id`,`titulo_id`,`texto`,`epigrafe`,`pagina_pdf`,`pagina_bop`,`explicacion`,`respuesta_correcta`) VALUES (189,1,'La Intervención municipal ejerce','Título III – Procedimiento – Urgencia',1,88,'Función de control económico‑financiero.','control interno y fiscalización de la gestión económico‑presupuestaria');
INSERT INTO `opciones`(`id`,`pregunta_id`,`texto`,`es_correcta`) VALUES (753,189,'potestad reglamentaria general',0);
INSERT INTO `opciones`(`id`,`pregunta_id`,`texto`,`es_correcta`) VALUES (754,189,'resolución de recursos de reposición',0);
INSERT INTO `opciones`(`id`,`pregunta_id`,`texto`,`es_correcta`) VALUES (755,189,'control interno y fiscalización de la gestión económico‑presupuestaria',1);
INSERT INTO `opciones`(`id`,`pregunta_id`,`texto`,`es_correcta`) VALUES (756,189,'fe pública de los acuerdos',0);
INSERT INTO `preguntas`(`id`,`titulo_id`,`texto`,`epigrafe`,`pagina_pdf`,`pagina_bop`,`explicacion`,`respuesta_correcta`) VALUES (190,1,'En materia de participación ciudadana, el ROM prevé que','Título I – Comisiones – Naturaleza y funciones',1,87,'Participación regulada y compatible con la naturaleza del órgano.','pueden articularse turnos o mecanismos reglados sin alterar la naturaleza decisoria del Pleno');
INSERT INTO `opciones`(`id`,`pregunta_id`,`texto`,`es_correcta`) VALUES (757,190,'se otorgue voto a asociaciones inscritas en todos los puntos',0);
INSERT INTO `opciones`(`id`,`pregunta_id`,`texto`,`es_correcta`) VALUES (758,190,'pueden articularse turnos o mecanismos reglados sin alterar la naturaleza decisoria del Pleno',1);
INSERT INTO `opciones`(`id`,`pregunta_id`,`texto`,`es_correcta`) VALUES (759,190,'se sustituya el informe jurídico por intervención del público',0);
INSERT INTO `opciones`(`id`,`pregunta_id`,`texto`,`es_correcta`) VALUES (760,190,'se convierta el Pleno en asamblea abierta permanente',0);
INSERT INTO `preguntas`(`id`,`titulo_id`,`texto`,`epigrafe`,`pagina_pdf`,`pagina_bop`,`explicacion`,`respuesta_correcta`) VALUES (191,1,'Sobre órganos directivos, el ROM contempla que','Título IV – Control interno y fiscalización',1,36,'Competencia del Pleno previa propuesta de la Alcaldía.','su creación/modificación requiere acuerdo del Pleno a propuesta de la Alcaldía');
INSERT INTO `opciones`(`id`,`pregunta_id`,`texto`,`es_correcta`) VALUES (761,191,'los crea la Secretaría por resolución',0);
INSERT INTO `opciones`(`id`,`pregunta_id`,`texto`,`es_correcta`) VALUES (762,191,'se eligen por sufragio ciudadano',0);
INSERT INTO `opciones`(`id`,`pregunta_id`,`texto`,`es_correcta`) VALUES (763,191,'su creación/modificación requiere acuerdo del Pleno a propuesta de la Alcaldía',1);
INSERT INTO `opciones`(`id`,`pregunta_id`,`texto`,`es_correcta`) VALUES (764,191,'surgen por costumbre',0);
INSERT INTO `preguntas`(`id`,`titulo_id`,`texto`,`epigrafe`,`pagina_pdf`,`pagina_bop`,`explicacion`,`respuesta_correcta`) VALUES (192,1,'Las delegaciones conferidas por el Pleno','Título IV – Control interno y fiscalización',1,86,'Delegaciones con posibilidad de revocación/avocación.','son revocables y avocables en los términos del ROM y la legislación básica');
INSERT INTO `opciones`(`id`,`pregunta_id`,`texto`,`es_correcta`) VALUES (765,192,'exigen autorización judicial para revocarse',0);
INSERT INTO `opciones`(`id`,`pregunta_id`,`texto`,`es_correcta`) VALUES (766,192,'solo caducan al final del mandato',0);
INSERT INTO `opciones`(`id`,`pregunta_id`,`texto`,`es_correcta`) VALUES (767,192,'son irrevocables',0);
INSERT INTO `opciones`(`id`,`pregunta_id`,`texto`,`es_correcta`) VALUES (768,192,'son revocables y avocables en los términos del ROM y la legislación básica',1);
INSERT INTO `preguntas`(`id`,`titulo_id`,`texto`,`epigrafe`,`pagina_pdf`,`pagina_bop`,`explicacion`,`respuesta_correcta`) VALUES (193,1,'Respecto a transparencia y buen gobierno, el ROM exige','Título II – Administración – Áreas y Direcciones',1,27,'Publicidad activa con respeto a límites y protección de datos.','publicidad activa de información institucional y organizativa con los límites legales');
INSERT INTO `opciones`(`id`,`pregunta_id`,`texto`,`es_correcta`) VALUES (769,193,'sustituir la notificación personal por web',0);
INSERT INTO `opciones`(`id`,`pregunta_id`,`texto`,`es_correcta`) VALUES (770,193,'publicidad activa de información institucional y organizativa con los límites legales',1);
INSERT INTO `opciones`(`id`,`pregunta_id`,`texto`,`es_correcta`) VALUES (771,193,'eliminar el derecho de acceso a expedientes',0);
INSERT INTO `opciones`(`id`,`pregunta_id`,`texto`,`es_correcta`) VALUES (772,193,'publicación de datos personales sensibles sin anonimización',0);
INSERT INTO `preguntas`(`id`,`titulo_id`,`texto`,`epigrafe`,`pagina_pdf`,`pagina_bop`,`explicacion`,`respuesta_correcta`) VALUES (194,1,'La modificación del orden del día en sesión','Título IV – Régimen económico y presupuestario',1,26,'Necesidad de acuerdo y, en su caso, urgencia previa.','puede acordarse, y la inclusión sobrevenida exige declaración previa de urgencia');
INSERT INTO `opciones`(`id`,`pregunta_id`,`texto`,`es_correcta`) VALUES (773,194,'es libre por la Secretaría',0);
INSERT INTO `opciones`(`id`,`pregunta_id`,`texto`,`es_correcta`) VALUES (774,194,'nunca es posible',0);
INSERT INTO `opciones`(`id`,`pregunta_id`,`texto`,`es_correcta`) VALUES (775,194,'puede acordarse, y la inclusión sobrevenida exige declaración previa de urgencia',1);
INSERT INTO `opciones`(`id`,`pregunta_id`,`texto`,`es_correcta`) VALUES (776,194,'se hace por decisión unilateral de la oposición',0);
INSERT INTO `preguntas`(`id`,`titulo_id`,`texto`,`epigrafe`,`pagina_pdf`,`pagina_bop`,`explicacion`,`respuesta_correcta`) VALUES (195,1,'En materia de participación ciudadana, el ROM prevé que','Título VII – Disposiciones finales y transitorias',1,46,'Participación regulada y compatible con la naturaleza del órgano.','pueden articularse turnos o mecanismos reglados sin alterar la naturaleza decisoria del Pleno');
INSERT INTO `opciones`(`id`,`pregunta_id`,`texto`,`es_correcta`) VALUES (777,195,'se convierta el Pleno en asamblea abierta permanente',0);
INSERT INTO `opciones`(`id`,`pregunta_id`,`texto`,`es_correcta`) VALUES (778,195,'pueden articularse turnos o mecanismos reglados sin alterar la naturaleza decisoria del Pleno',1);
INSERT INTO `opciones`(`id`,`pregunta_id`,`texto`,`es_correcta`) VALUES (779,195,'se otorgue voto a asociaciones inscritas en todos los puntos',0);
INSERT INTO `opciones`(`id`,`pregunta_id`,`texto`,`es_correcta`) VALUES (780,195,'se sustituya el informe jurídico por intervención del público',0);
INSERT INTO `preguntas`(`id`,`titulo_id`,`texto`,`epigrafe`,`pagina_pdf`,`pagina_bop`,`explicacion`,`respuesta_correcta`) VALUES (196,1,'Respecto a transparencia y buen gobierno, el ROM exige','Título II – Administración – Personal directivo',1,52,'Publicidad activa con respeto a límites y protección de datos.','publicidad activa de información institucional y organizativa con los límites legales');
INSERT INTO `opciones`(`id`,`pregunta_id`,`texto`,`es_correcta`) VALUES (781,196,'sustituir la notificación personal por web',0);
INSERT INTO `opciones`(`id`,`pregunta_id`,`texto`,`es_correcta`) VALUES (782,196,'publicidad activa de información institucional y organizativa con los límites legales',1);
INSERT INTO `opciones`(`id`,`pregunta_id`,`texto`,`es_correcta`) VALUES (783,196,'publicación de datos personales sensibles sin anonimización',0);
INSERT INTO `opciones`(`id`,`pregunta_id`,`texto`,`es_correcta`) VALUES (784,196,'eliminar el derecho de acceso a expedientes',0);
INSERT INTO `preguntas`(`id`,`titulo_id`,`texto`,`epigrafe`,`pagina_pdf`,`pagina_bop`,`explicacion`,`respuesta_correcta`) VALUES (197,1,'La modificación del orden del día en sesión','Título IV – Control interno y fiscalización',1,13,'Necesidad de acuerdo y, en su caso, urgencia previa.','puede acordarse, y la inclusión sobrevenida exige declaración previa de urgencia');
INSERT INTO `opciones`(`id`,`pregunta_id`,`texto`,`es_correcta`) VALUES (785,197,'se hace por decisión unilateral de la oposición',0);
INSERT INTO `opciones`(`id`,`pregunta_id`,`texto`,`es_correcta`) VALUES (786,197,'puede acordarse, y la inclusión sobrevenida exige declaración previa de urgencia',1);
INSERT INTO `opciones`(`id`,`pregunta_id`,`texto`,`es_correcta`) VALUES (787,197,'nunca es posible',0);
INSERT INTO `opciones`(`id`,`pregunta_id`,`texto`,`es_correcta`) VALUES (788,197,'es libre por la Secretaría',0);
INSERT INTO `preguntas`(`id`,`titulo_id`,`texto`,`epigrafe`,`pagina_pdf`,`pagina_bop`,`explicacion`,`respuesta_correcta`) VALUES (198,1,'Sobre órganos directivos, el ROM contempla que','Título II – Administración – Personal directivo',1,34,'Competencia del Pleno previa propuesta de la Alcaldía.','su creación/modificación requiere acuerdo del Pleno a propuesta de la Alcaldía');
INSERT INTO `opciones`(`id`,`pregunta_id`,`texto`,`es_correcta`) VALUES (789,198,'surgen por costumbre',0);
INSERT INTO `opciones`(`id`,`pregunta_id`,`texto`,`es_correcta`) VALUES (790,198,'su creación/modificación requiere acuerdo del Pleno a propuesta de la Alcaldía',1);
INSERT INTO `opciones`(`id`,`pregunta_id`,`texto`,`es_correcta`) VALUES (791,198,'se eligen por sufragio ciudadano',0);
INSERT INTO `opciones`(`id`,`pregunta_id`,`texto`,`es_correcta`) VALUES (792,198,'los crea la Secretaría por resolución',0);
INSERT INTO `preguntas`(`id`,`titulo_id`,`texto`,`epigrafe`,`pagina_pdf`,`pagina_bop`,`explicacion`,`respuesta_correcta`) VALUES (199,1,'Sobre órganos directivos, el ROM contempla que','Título IV – Régimen económico y presupuestario',1,2,'Competencia del Pleno previa propuesta de la Alcaldía.','su creación/modificación requiere acuerdo del Pleno a propuesta de la Alcaldía');
INSERT INTO `opciones`(`id`,`pregunta_id`,`texto`,`es_correcta`) VALUES (793,199,'los crea la Secretaría por resolución',0);
INSERT INTO `opciones`(`id`,`pregunta_id`,`texto`,`es_correcta`) VALUES (794,199,'su creación/modificación requiere acuerdo del Pleno a propuesta de la Alcaldía',1);
INSERT INTO `opciones`(`id`,`pregunta_id`,`texto`,`es_correcta`) VALUES (795,199,'se eligen por sufragio ciudadano',0);
INSERT INTO `opciones`(`id`,`pregunta_id`,`texto`,`es_correcta`) VALUES (796,199,'surgen por costumbre',0);
INSERT INTO `preguntas`(`id`,`titulo_id`,`texto`,`epigrafe`,`pagina_pdf`,`pagina_bop`,`explicacion`,`respuesta_correcta`) VALUES (200,1,'El régimen disciplinario del personal se sujeta a','Título I – Grupos Municipales y Portavoces',1,4,'Sometimiento al marco básico y garantías procedimentales.','la legislación básica y al procedimiento establecido, con informes cuando procedan');
INSERT INTO `opciones`(`id`,`pregunta_id`,`texto`,`es_correcta`) VALUES (797,200,'decisión discrecional de la Presidencia',0);
INSERT INTO `opciones`(`id`,`pregunta_id`,`texto`,`es_correcta`) VALUES (798,200,'comisión ciudadana',0);
INSERT INTO `opciones`(`id`,`pregunta_id`,`texto`,`es_correcta`) VALUES (799,200,'votación en Pleno siempre',0);
INSERT INTO `opciones`(`id`,`pregunta_id`,`texto`,`es_correcta`) VALUES (800,200,'la legislación básica y al procedimiento establecido, con informes cuando procedan',1);
INSERT INTO `preguntas`(`id`,`titulo_id`,`texto`,`epigrafe`,`pagina_pdf`,`pagina_bop`,`explicacion`,`respuesta_correcta`) VALUES (201,1,'En materia de participación ciudadana, el ROM prevé que','Título VI – Transparencia y buen gobierno',1,44,'Participación regulada y compatible con la naturaleza del órgano.','pueden articularse turnos o mecanismos reglados sin alterar la naturaleza decisoria del Pleno');
INSERT INTO `opciones`(`id`,`pregunta_id`,`texto`,`es_correcta`) VALUES (801,201,'se otorgue voto a asociaciones inscritas en todos los puntos',0);
INSERT INTO `opciones`(`id`,`pregunta_id`,`texto`,`es_correcta`) VALUES (802,201,'pueden articularse turnos o mecanismos reglados sin alterar la naturaleza decisoria del Pleno',1);
INSERT INTO `opciones`(`id`,`pregunta_id`,`texto`,`es_correcta`) VALUES (803,201,'se sustituya el informe jurídico por intervención del público',0);
INSERT INTO `opciones`(`id`,`pregunta_id`,`texto`,`es_correcta`) VALUES (804,201,'se convierta el Pleno en asamblea abierta permanente',0);
INSERT INTO `preguntas`(`id`,`titulo_id`,`texto`,`epigrafe`,`pagina_pdf`,`pagina_bop`,`explicacion`,`respuesta_correcta`) VALUES (202,1,'Respecto a transparencia y buen gobierno, el ROM exige','Título II – Administración – Áreas y Direcciones',1,39,'Publicidad activa con respeto a límites y protección de datos.','publicidad activa de información institucional y organizativa con los límites legales');
INSERT INTO `opciones`(`id`,`pregunta_id`,`texto`,`es_correcta`) VALUES (805,202,'publicación de datos personales sensibles sin anonimización',0);
INSERT INTO `opciones`(`id`,`pregunta_id`,`texto`,`es_correcta`) VALUES (806,202,'sustituir la notificación personal por web',0);
INSERT INTO `opciones`(`id`,`pregunta_id`,`texto`,`es_correcta`) VALUES (807,202,'publicidad activa de información institucional y organizativa con los límites legales',1);
INSERT INTO `opciones`(`id`,`pregunta_id`,`texto`,`es_correcta`) VALUES (808,202,'eliminar el derecho de acceso a expedientes',0);
INSERT INTO `preguntas`(`id`,`titulo_id`,`texto`,`epigrafe`,`pagina_pdf`,`pagina_bop`,`explicacion`,`respuesta_correcta`) VALUES (203,1,'La Intervención municipal ejerce','Título II – Administración – Organización interna',1,32,'Función de control económico‑financiero.','control interno y fiscalización de la gestión económico‑presupuestaria');
INSERT INTO `opciones`(`id`,`pregunta_id`,`texto`,`es_correcta`) VALUES (809,203,'potestad reglamentaria general',0);
INSERT INTO `opciones`(`id`,`pregunta_id`,`texto`,`es_correcta`) VALUES (810,203,'control interno y fiscalización de la gestión económico‑presupuestaria',1);
INSERT INTO `opciones`(`id`,`pregunta_id`,`texto`,`es_correcta`) VALUES (811,203,'fe pública de los acuerdos',0);
INSERT INTO `opciones`(`id`,`pregunta_id`,`texto`,`es_correcta`) VALUES (812,203,'resolución de recursos de reposición',0);
INSERT INTO `preguntas`(`id`,`titulo_id`,`texto`,`epigrafe`,`pagina_pdf`,`pagina_bop`,`explicacion`,`respuesta_correcta`) VALUES (204,1,'La adopción de acuerdos en la JGL','Título II – Administración – Áreas y Direcciones',1,23,'Régimen colegiado con eficacia ejecutiva.','requiere quorum y mayorías establecidas; sus decisiones son ejecutivas dentro de sus competencias');
INSERT INTO `opciones`(`id`,`pregunta_id`,`texto`,`es_correcta`) VALUES (813,204,'carecen de eficacia hasta ratificación del Pleno',0);
INSERT INTO `opciones`(`id`,`pregunta_id`,`texto`,`es_correcta`) VALUES (814,204,'requiere quorum y mayorías establecidas; sus decisiones son ejecutivas dentro de sus competencias',1);
INSERT INTO `opciones`(`id`,`pregunta_id`,`texto`,`es_correcta`) VALUES (815,204,'son meramente consultivas',0);
INSERT INTO `opciones`(`id`,`pregunta_id`,`texto`,`es_correcta`) VALUES (816,204,'no requieren quorum',0);
INSERT INTO `preguntas`(`id`,`titulo_id`,`texto`,`epigrafe`,`pagina_pdf`,`pagina_bop`,`explicacion`,`respuesta_correcta`) VALUES (205,1,'En materia de participación ciudadana, el ROM prevé que','Título VI – Participación ciudadana',1,86,'Participación regulada y compatible con la naturaleza del órgano.','pueden articularse turnos o mecanismos reglados sin alterar la naturaleza decisoria del Pleno');
INSERT INTO `opciones`(`id`,`pregunta_id`,`texto`,`es_correcta`) VALUES (817,205,'se otorgue voto a asociaciones inscritas en todos los puntos',0);
INSERT INTO `opciones`(`id`,`pregunta_id`,`texto`,`es_correcta`) VALUES (818,205,'pueden articularse turnos o mecanismos reglados sin alterar la naturaleza decisoria del Pleno',1);
INSERT INTO `opciones`(`id`,`pregunta_id`,`texto`,`es_correcta`) VALUES (819,205,'se convierta el Pleno en asamblea abierta permanente',0);
INSERT INTO `opciones`(`id`,`pregunta_id`,`texto`,`es_correcta`) VALUES (820,205,'se sustituya el informe jurídico por intervención del público',0);
INSERT INTO `preguntas`(`id`,`titulo_id`,`texto`,`epigrafe`,`pagina_pdf`,`pagina_bop`,`explicacion`,`respuesta_correcta`) VALUES (206,1,'La adopción de acuerdos en la JGL','Título II – Administración – Organización interna',1,5,'Régimen colegiado con eficacia ejecutiva.','requiere quorum y mayorías establecidas; sus decisiones son ejecutivas dentro de sus competencias');
INSERT INTO `opciones`(`id`,`pregunta_id`,`texto`,`es_correcta`) VALUES (821,206,'son meramente consultivas',0);
INSERT INTO `opciones`(`id`,`pregunta_id`,`texto`,`es_correcta`) VALUES (822,206,'no requieren quorum',0);
INSERT INTO `opciones`(`id`,`pregunta_id`,`texto`,`es_correcta`) VALUES (823,206,'requiere quorum y mayorías establecidas; sus decisiones son ejecutivas dentro de sus competencias',1);
INSERT INTO `opciones`(`id`,`pregunta_id`,`texto`,`es_correcta`) VALUES (824,206,'carecen de eficacia hasta ratificación del Pleno',0);
INSERT INTO `preguntas`(`id`,`titulo_id`,`texto`,`epigrafe`,`pagina_pdf`,`pagina_bop`,`explicacion`,`respuesta_correcta`) VALUES (207,1,'Respecto a transparencia y buen gobierno, el ROM exige','Título III – Procedimiento – Expedientes e informes',1,62,'Publicidad activa con respeto a límites y protección de datos.','publicidad activa de información institucional y organizativa con los límites legales');
INSERT INTO `opciones`(`id`,`pregunta_id`,`texto`,`es_correcta`) VALUES (825,207,'eliminar el derecho de acceso a expedientes',0);
INSERT INTO `opciones`(`id`,`pregunta_id`,`texto`,`es_correcta`) VALUES (826,207,'publicidad activa de información institucional y organizativa con los límites legales',1);
INSERT INTO `opciones`(`id`,`pregunta_id`,`texto`,`es_correcta`) VALUES (827,207,'sustituir la notificación personal por web',0);
INSERT INTO `opciones`(`id`,`pregunta_id`,`texto`,`es_correcta`) VALUES (828,207,'publicación de datos personales sensibles sin anonimización',0);
INSERT INTO `preguntas`(`id`,`titulo_id`,`texto`,`epigrafe`,`pagina_pdf`,`pagina_bop`,`explicacion`,`respuesta_correcta`) VALUES (208,1,'La modificación del orden del día en sesión','Título IV – Régimen económico y presupuestario',1,64,'Necesidad de acuerdo y, en su caso, urgencia previa.','puede acordarse, y la inclusión sobrevenida exige declaración previa de urgencia');
INSERT INTO `opciones`(`id`,`pregunta_id`,`texto`,`es_correcta`) VALUES (829,208,'puede acordarse, y la inclusión sobrevenida exige declaración previa de urgencia',1);
INSERT INTO `opciones`(`id`,`pregunta_id`,`texto`,`es_correcta`) VALUES (830,208,'se hace por decisión unilateral de la oposición',0);
INSERT INTO `opciones`(`id`,`pregunta_id`,`texto`,`es_correcta`) VALUES (831,208,'es libre por la Secretaría',0);
INSERT INTO `opciones`(`id`,`pregunta_id`,`texto`,`es_correcta`) VALUES (832,208,'nunca es posible',0);
INSERT INTO `preguntas`(`id`,`titulo_id`,`texto`,`epigrafe`,`pagina_pdf`,`pagina_bop`,`explicacion`,`respuesta_correcta`) VALUES (209,1,'El derecho de acceso de los concejales a la información','Título V – Convenios y encomiendas',1,45,'Acceso reforzado con límites legales.','debe facilitarse en plazo y forma, pudiendo condicionarse por protección de datos y secreto legal');
INSERT INTO `opciones`(`id`,`pregunta_id`,`texto`,`es_correcta`) VALUES (833,209,'queda a criterio de la Secretaría',0);
INSERT INTO `opciones`(`id`,`pregunta_id`,`texto`,`es_correcta`) VALUES (834,209,'se limita a expedientes del propio grupo',0);
INSERT INTO `opciones`(`id`,`pregunta_id`,`texto`,`es_correcta`) VALUES (835,209,'exige petición en Pleno',0);
INSERT INTO `opciones`(`id`,`pregunta_id`,`texto`,`es_correcta`) VALUES (836,209,'debe facilitarse en plazo y forma, pudiendo condicionarse por protección de datos y secreto legal',1);
INSERT INTO `preguntas`(`id`,`titulo_id`,`texto`,`epigrafe`,`pagina_pdf`,`pagina_bop`,`explicacion`,`respuesta_correcta`) VALUES (210,1,'La adopción de acuerdos en la JGL','Título VI – Participación ciudadana',1,68,'Régimen colegiado con eficacia ejecutiva.','requiere quorum y mayorías establecidas; sus decisiones son ejecutivas dentro de sus competencias');
INSERT INTO `opciones`(`id`,`pregunta_id`,`texto`,`es_correcta`) VALUES (837,210,'son meramente consultivas',0);
INSERT INTO `opciones`(`id`,`pregunta_id`,`texto`,`es_correcta`) VALUES (838,210,'requiere quorum y mayorías establecidas; sus decisiones son ejecutivas dentro de sus competencias',1);
INSERT INTO `opciones`(`id`,`pregunta_id`,`texto`,`es_correcta`) VALUES (839,210,'no requieren quorum',0);
INSERT INTO `opciones`(`id`,`pregunta_id`,`texto`,`es_correcta`) VALUES (840,210,'carecen de eficacia hasta ratificación del Pleno',0);
INSERT INTO `preguntas`(`id`,`titulo_id`,`texto`,`epigrafe`,`pagina_pdf`,`pagina_bop`,`explicacion`,`respuesta_correcta`) VALUES (211,1,'Sobre órganos directivos, el ROM contempla que','Título I – Impulso, orientación política y control',1,2,'Competencia del Pleno previa propuesta de la Alcaldía.','su creación/modificación requiere acuerdo del Pleno a propuesta de la Alcaldía');
INSERT INTO `opciones`(`id`,`pregunta_id`,`texto`,`es_correcta`) VALUES (841,211,'surgen por costumbre',0);
INSERT INTO `opciones`(`id`,`pregunta_id`,`texto`,`es_correcta`) VALUES (842,211,'su creación/modificación requiere acuerdo del Pleno a propuesta de la Alcaldía',1);
INSERT INTO `opciones`(`id`,`pregunta_id`,`texto`,`es_correcta`) VALUES (843,211,'se eligen por sufragio ciudadano',0);
INSERT INTO `opciones`(`id`,`pregunta_id`,`texto`,`es_correcta`) VALUES (844,211,'los crea la Secretaría por resolución',0);
INSERT INTO `preguntas`(`id`,`titulo_id`,`texto`,`epigrafe`,`pagina_pdf`,`pagina_bop`,`explicacion`,`respuesta_correcta`) VALUES (212,1,'Las delegaciones conferidas por el Pleno','Título II – Gobierno – Alcaldía',1,40,'Delegaciones con posibilidad de revocación/avocación.','son revocables y avocables en los términos del ROM y la legislación básica');
INSERT INTO `opciones`(`id`,`pregunta_id`,`texto`,`es_correcta`) VALUES (845,212,'son irrevocables',0);
INSERT INTO `opciones`(`id`,`pregunta_id`,`texto`,`es_correcta`) VALUES (846,212,'solo caducan al final del mandato',0);
INSERT INTO `opciones`(`id`,`pregunta_id`,`texto`,`es_correcta`) VALUES (847,212,'son revocables y avocables en los términos del ROM y la legislación básica',1);
INSERT INTO `opciones`(`id`,`pregunta_id`,`texto`,`es_correcta`) VALUES (848,212,'exigen autorización judicial para revocarse',0);
INSERT INTO `preguntas`(`id`,`titulo_id`,`texto`,`epigrafe`,`pagina_pdf`,`pagina_bop`,`explicacion`,`respuesta_correcta`) VALUES (213,1,'Respecto a transparencia y buen gobierno, el ROM exige','Título I – Grupos Municipales y Portavoces',1,86,'Publicidad activa con respeto a límites y protección de datos.','publicidad activa de información institucional y organizativa con los límites legales');
INSERT INTO `opciones`(`id`,`pregunta_id`,`texto`,`es_correcta`) VALUES (849,213,'publicidad activa de información institucional y organizativa con los límites legales',1);
INSERT INTO `opciones`(`id`,`pregunta_id`,`texto`,`es_correcta`) VALUES (850,213,'sustituir la notificación personal por web',0);
INSERT INTO `opciones`(`id`,`pregunta_id`,`texto`,`es_correcta`) VALUES (851,213,'publicación de datos personales sensibles sin anonimización',0);
INSERT INTO `opciones`(`id`,`pregunta_id`,`texto`,`es_correcta`) VALUES (852,213,'eliminar el derecho de acceso a expedientes',0);
INSERT INTO `preguntas`(`id`,`titulo_id`,`texto`,`epigrafe`,`pagina_pdf`,`pagina_bop`,`explicacion`,`respuesta_correcta`) VALUES (214,1,'Las delegaciones conferidas por el Pleno','Título VI – Participación ciudadana',1,45,'Delegaciones con posibilidad de revocación/avocación.','son revocables y avocables en los términos del ROM y la legislación básica');
INSERT INTO `opciones`(`id`,`pregunta_id`,`texto`,`es_correcta`) VALUES (853,214,'son irrevocables',0);
INSERT INTO `opciones`(`id`,`pregunta_id`,`texto`,`es_correcta`) VALUES (854,214,'son revocables y avocables en los términos del ROM y la legislación básica',1);
INSERT INTO `opciones`(`id`,`pregunta_id`,`texto`,`es_correcta`) VALUES (855,214,'solo caducan al final del mandato',0);
INSERT INTO `opciones`(`id`,`pregunta_id`,`texto`,`es_correcta`) VALUES (856,214,'exigen autorización judicial para revocarse',0);
INSERT INTO `preguntas`(`id`,`titulo_id`,`texto`,`epigrafe`,`pagina_pdf`,`pagina_bop`,`explicacion`,`respuesta_correcta`) VALUES (215,1,'Sobre órganos directivos, el ROM contempla que','Título IV – Control interno y fiscalización',1,88,'Competencia del Pleno previa propuesta de la Alcaldía.','su creación/modificación requiere acuerdo del Pleno a propuesta de la Alcaldía');
INSERT INTO `opciones`(`id`,`pregunta_id`,`texto`,`es_correcta`) VALUES (857,215,'los crea la Secretaría por resolución',0);
INSERT INTO `opciones`(`id`,`pregunta_id`,`texto`,`es_correcta`) VALUES (858,215,'surgen por costumbre',0);
INSERT INTO `opciones`(`id`,`pregunta_id`,`texto`,`es_correcta`) VALUES (859,215,'se eligen por sufragio ciudadano',0);
INSERT INTO `opciones`(`id`,`pregunta_id`,`texto`,`es_correcta`) VALUES (860,215,'su creación/modificación requiere acuerdo del Pleno a propuesta de la Alcaldía',1);
INSERT INTO `preguntas`(`id`,`titulo_id`,`texto`,`epigrafe`,`pagina_pdf`,`pagina_bop`,`explicacion`,`respuesta_correcta`) VALUES (216,1,'Respecto a transparencia y buen gobierno, el ROM exige','Título I – Pleno – Votaciones',1,7,'Publicidad activa con respeto a límites y protección de datos.','publicidad activa de información institucional y organizativa con los límites legales');
INSERT INTO `opciones`(`id`,`pregunta_id`,`texto`,`es_correcta`) VALUES (861,216,'sustituir la notificación personal por web',0);
INSERT INTO `opciones`(`id`,`pregunta_id`,`texto`,`es_correcta`) VALUES (862,216,'eliminar el derecho de acceso a expedientes',0);
INSERT INTO `opciones`(`id`,`pregunta_id`,`texto`,`es_correcta`) VALUES (863,216,'publicidad activa de información institucional y organizativa con los límites legales',1);
INSERT INTO `opciones`(`id`,`pregunta_id`,`texto`,`es_correcta`) VALUES (864,216,'publicación de datos personales sensibles sin anonimización',0);
INSERT INTO `preguntas`(`id`,`titulo_id`,`texto`,`epigrafe`,`pagina_pdf`,`pagina_bop`,`explicacion`,`respuesta_correcta`) VALUES (217,1,'La modificación del orden del día en sesión','Título VII – Disposiciones finales y transitorias',1,57,'Necesidad de acuerdo y, en su caso, urgencia previa.','puede acordarse, y la inclusión sobrevenida exige declaración previa de urgencia');
INSERT INTO `opciones`(`id`,`pregunta_id`,`texto`,`es_correcta`) VALUES (865,217,'se hace por decisión unilateral de la oposición',0);
INSERT INTO `opciones`(`id`,`pregunta_id`,`texto`,`es_correcta`) VALUES (866,217,'puede acordarse, y la inclusión sobrevenida exige declaración previa de urgencia',1);
INSERT INTO `opciones`(`id`,`pregunta_id`,`texto`,`es_correcta`) VALUES (867,217,'es libre por la Secretaría',0);
INSERT INTO `opciones`(`id`,`pregunta_id`,`texto`,`es_correcta`) VALUES (868,217,'nunca es posible',0);
INSERT INTO `preguntas`(`id`,`titulo_id`,`texto`,`epigrafe`,`pagina_pdf`,`pagina_bop`,`explicacion`,`respuesta_correcta`) VALUES (218,1,'La Intervención municipal ejerce','Título I – Pleno – Actas',1,91,'Función de control económico‑financiero.','control interno y fiscalización de la gestión económico‑presupuestaria');
INSERT INTO `opciones`(`id`,`pregunta_id`,`texto`,`es_correcta`) VALUES (869,218,'control interno y fiscalización de la gestión económico‑presupuestaria',1);
INSERT INTO `opciones`(`id`,`pregunta_id`,`texto`,`es_correcta`) VALUES (870,218,'fe pública de los acuerdos',0);
INSERT INTO `opciones`(`id`,`pregunta_id`,`texto`,`es_correcta`) VALUES (871,218,'potestad reglamentaria general',0);
INSERT INTO `opciones`(`id`,`pregunta_id`,`texto`,`es_correcta`) VALUES (872,218,'resolución de recursos de reposición',0);
INSERT INTO `preguntas`(`id`,`titulo_id`,`texto`,`epigrafe`,`pagina_pdf`,`pagina_bop`,`explicacion`,`respuesta_correcta`) VALUES (219,1,'La Intervención municipal ejerce','Título I – Grupos Municipales y Portavoces',1,8,'Función de control económico‑financiero.','control interno y fiscalización de la gestión económico‑presupuestaria');
INSERT INTO `opciones`(`id`,`pregunta_id`,`texto`,`es_correcta`) VALUES (873,219,'resolución de recursos de reposición',0);
INSERT INTO `opciones`(`id`,`pregunta_id`,`texto`,`es_correcta`) VALUES (874,219,'control interno y fiscalización de la gestión económico‑presupuestaria',1);
INSERT INTO `opciones`(`id`,`pregunta_id`,`texto`,`es_correcta`) VALUES (875,219,'potestad reglamentaria general',0);
INSERT INTO `opciones`(`id`,`pregunta_id`,`texto`,`es_correcta`) VALUES (876,219,'fe pública de los acuerdos',0);
INSERT INTO `preguntas`(`id`,`titulo_id`,`texto`,`epigrafe`,`pagina_pdf`,`pagina_bop`,`explicacion`,`respuesta_correcta`) VALUES (220,1,'La modificación del orden del día en sesión','Título IV – Régimen económico y presupuestario',1,74,'Necesidad de acuerdo y, en su caso, urgencia previa.','puede acordarse, y la inclusión sobrevenida exige declaración previa de urgencia');
INSERT INTO `opciones`(`id`,`pregunta_id`,`texto`,`es_correcta`) VALUES (877,220,'nunca es posible',0);
INSERT INTO `opciones`(`id`,`pregunta_id`,`texto`,`es_correcta`) VALUES (878,220,'puede acordarse, y la inclusión sobrevenida exige declaración previa de urgencia',1);
INSERT INTO `opciones`(`id`,`pregunta_id`,`texto`,`es_correcta`) VALUES (879,220,'es libre por la Secretaría',0);
INSERT INTO `opciones`(`id`,`pregunta_id`,`texto`,`es_correcta`) VALUES (880,220,'se hace por decisión unilateral de la oposición',0);
INSERT INTO `preguntas`(`id`,`titulo_id`,`texto`,`epigrafe`,`pagina_pdf`,`pagina_bop`,`explicacion`,`respuesta_correcta`) VALUES (221,1,'¿Cuál es la implicación práctica de que la Comisión Permanente de Presidencia y Políticas Transversales emita un dictamen previo y vinculante, según el ROM, respecto a una iniciativa que afecte simultáneamente la organización municipal y la planificación estratégica de un área específica?','Artículo 107. Competencias de las Comisiones Permanentes.',1,52,'El dictamen previo y vinculante otorga a la Comisión un peso significativo, actuando como un ''filtro'' decisivo. La ambigüedad reside en el equilibrio de poderes, donde la vinculación del dictamen restringe la capacidad de enmienda o rechazo del Pleno, forzando la aceptación de la postura técnica/política de la Comisión, salvo en casos excepcionales (como contradicción jurídica).','Implica que la Comisión ejerce una función de filtro y coordinación que limita el debate del Pleno a aspectos no cubiertos por el dictamen, a menos que el informe jurídico lo contradiga.');
INSERT INTO `opciones`(`id`,`pregunta_id`,`texto`,`es_correcta`) VALUES (881,221,'La iniciativa se tramita directamente en el Pleno sin necesidad de ratificación adicional, ya que la vinculación del dictamen implica su aprobación automática.',0);
INSERT INTO `opciones`(`id`,`pregunta_id`,`texto`,`es_correcta`) VALUES (882,221,'El Pleno solo puede rechazar la iniciativa mediante una mayoría cualificada de tres quintos, dada la naturaleza vinculante del dictamen, salvo si existe un informe jurídico contrario.',0);
INSERT INTO `opciones`(`id`,`pregunta_id`,`texto`,`es_correcta`) VALUES (883,221,'Implica que la Comisión ejerce una función de filtro y coordinación que limita el debate del Pleno a aspectos no cubiertos por el dictamen, a menos que el informe jurídico lo contradiga.',1);
INSERT INTO `opciones`(`id`,`pregunta_id`,`texto`,`es_correcta`) VALUES (884,221,'Significa que la iniciativa se eleva a la Junta de Gobierno Local para su aprobación final, independientemente de la deliberación del Pleno, por afectar a la organización.',0);
INSERT INTO `preguntas`(`id`,`titulo_id`,`texto`,`epigrafe`,`pagina_pdf`,`pagina_bop`,`explicacion`,`respuesta_correcta`) VALUES (222,1,'En el contexto de una ''vídeo-acta'' como sistema preferente de documentación del Pleno, ¿qué elemento confiere la autenticidad e integridad legal necesaria a la grabación digital, minimizando la ambigüedad sobre su contenido?','Artículo 99. Contenido de las actas.',1,49,'El ROM establece la vídeo-acta, pero su valor legal se basa en la certificación de la Secretaría General del Pleno (la fe pública), que debe garantizar la autenticidad e integridad del registro digital mediante mecanismos de seguridad como el sello de tiempo y la firma digital, conforme a la legislación de Administración Electrónica. La ambigüedad se disipa al entender que el medio (vídeo) es preferente, pero la forma legal es el certificado electrónico.','La certificación electrónica de la Secretaría General del Pleno, que incluye un sello de tiempo y una firma digital cualificada.');
INSERT INTO `opciones`(`id`,`pregunta_id`,`texto`,`es_correcta`) VALUES (885,222,'El certificado emitido por el Alcalde-Presidente, que garantiza la fidelidad del sonido respecto al debate.',0);
INSERT INTO `opciones`(`id`,`pregunta_id`,`texto`,`es_correcta`) VALUES (886,222,'La transcripción literal posterior de los acuerdos adoptados, firmada por todos los Concejales asistentes.',0);
INSERT INTO `opciones`(`id`,`pregunta_id`,`texto`,`es_correcta`) VALUES (887,222,'La certificación electrónica de la Secretaría General del Pleno, que incluye un sello de tiempo y una firma digital cualificada.',1);
INSERT INTO `opciones`(`id`,`pregunta_id`,`texto`,`es_correcta`) VALUES (888,222,'La custodia del soporte audiovisual en un archivo municipal notarialmente protocolizado, asegurando su inmutabilidad.',0);
INSERT INTO `preguntas`(`id`,`titulo_id`,`texto`,`epigrafe`,`pagina_pdf`,`pagina_bop`,`explicacion`,`respuesta_correcta`) VALUES (223,1,'¿Qué implicación se deriva del principio de ''intervención mínima y gradual'' de la Presidencia en las deliberaciones del Pleno, respecto a la libertad de expresión de los Concejales y la ordenación del debate?','Artículo 62. Ordenación de los Debates.',1,34,'El principio de ''intervención mínima'' implica que la Presidencia debe ser prudente, solo actuando para mantener el orden y la pertinencia temática (''ceñirse al punto''), respetando el derecho fundamental a la crítica política. La ambigüedad se centra en el límite difuso entre la ''ordenación'' (función presidencial) y la ''libertad de expresión'' (derecho del Concejal). La respuesta correcta subraya el equilibrio entre ambas, priorizando la mínima restricción posible.','Que las llamadas al orden deben ser excepcionales, limitándose a garantizar que el debate se ciña al punto y evitando coartar la crítica política, sin recurrir a la expulsión.');
INSERT INTO `opciones`(`id`,`pregunta_id`,`texto`,`es_correcta`) VALUES (889,223,'Que la Presidencia debe esperar a que el debate se desvíe completamente del punto para actuar, priorizando la absoluta libertad de los intervinientes sin límite de tiempo.',0);
INSERT INTO `opciones`(`id`,`pregunta_id`,`texto`,`es_correcta`) VALUES (890,223,'Que las llamadas al orden deben ser excepcionales, limitándose a garantizar que el debate se ciña al punto y evitando coartar la crítica política, sin recurrir a la expulsión.',1);
INSERT INTO `opciones`(`id`,`pregunta_id`,`texto`,`es_correcta`) VALUES (891,223,'Que la Presidencia tiene la obligación de reconducir el debate a la brevedad posible, incluso interrumpiendo las intervenciones que no aporten información nueva, por razón de eficacia.',0);
INSERT INTO `opciones`(`id`,`pregunta_id`,`texto`,`es_correcta`) VALUES (892,223,'Que el Alcalde solo puede intervenir para aplicar una sanción formal tras la tercera amonestación, no pudiendo realizar advertencias previas de forma discrecional.',0);
INSERT INTO `preguntas`(`id`,`titulo_id`,`texto`,`epigrafe`,`pagina_pdf`,`pagina_bop`,`explicacion`,`respuesta_correcta`) VALUES (224,1,'En caso de conflicto entre la normativa específica municipal (ordenanzas) y el Reglamento Orgánico Municipal (ROM) en lo que respecta a la participación ciudadana en un trámite concreto, ¿qué criterio de prevalencia o interpretación debería aplicarse preferentemente?','Artículo 2. Jerarquía Normativa.',1,11,'El ROM es una norma de rango superior a la ordenanza dentro del ámbito municipal, pero las ordenanzas suelen ser la fuente de regulación más específica. Sin embargo, en el ámbito de la participación, el ROM actúa como desarrollo del marco legal básico. La ambigüedad se resuelve a favor de la ordenanza *específica* (principio de especialidad), a menos que el ROM desarrolle directamente un derecho fundamental o básico de rango superior (Ley de Bases de Régimen Local - LBRL), donde prevalecería la norma de mayor rango que lo desarrolla (el ROM).','Prevalece la ordenanza específica, salvo que la disposición del ROM desarrolle un derecho fundamental de participación reconocido en la ley de régimen local.');
INSERT INTO `opciones`(`id`,`pregunta_id`,`texto`,`es_correcta`) VALUES (893,224,'Prevalece siempre el ROM por su carácter orgánico y normativo superior, anulando de oficio cualquier disposición contraria de la ordenanza.',0);
INSERT INTO `opciones`(`id`,`pregunta_id`,`texto`,`es_correcta`) VALUES (894,224,'Prevalece la ordenanza específica, salvo que la disposición del ROM desarrolle un derecho fundamental de participación reconocido en la ley de régimen local.',1);
INSERT INTO `opciones`(`id`,`pregunta_id`,`texto`,`es_correcta`) VALUES (895,224,'Se aplica la disposición más favorable a los intereses del ciudadano, independientemente de si proviene del ROM o de la ordenanza.',0);
INSERT INTO `opciones`(`id`,`pregunta_id`,`texto`,`es_correcta`) VALUES (896,224,'Se suspende el trámite hasta que el Pleno resuelva la contradicción mediante una Interpretación Auténtica del ROM.',0);
INSERT INTO `preguntas`(`id`,`titulo_id`,`texto`,`epigrafe`,`pagina_pdf`,`pagina_bop`,`explicacion`,`respuesta_correcta`) VALUES (225,1,'¿Cómo interpreta el ROM el concepto de ''informe previo, completo y actualizado'' del Secretario General del Pleno para el estudio de un asunto, buscando la ambigüedad entre legalidad y oportunidad?','Artículo 98. Informes de la Secretaría General del Pleno.',1,49,'El informe del Secretario es esencialmente de legalidad. Sin embargo, la exigencia de ser ''completo y actualizado'' introduce la ambigüedad, sugiriendo que debe contextualizar el asunto, lo que puede llevar a incluir ''advertencias'' o ''reservas'' sobre la coherencia procedimental o la oportunidad en el marco normativo, sin que ello signifique una intromisión en el fondo de la decisión (discrecionalidad política).','Debe incluir un análisis exhaustivo de la legalidad, pero también puede incluir advertencias o reservas sobre la oportunidad procedimental, sin invadir la discrecionalidad política.');
INSERT INTO `opciones`(`id`,`pregunta_id`,`texto`,`es_correcta`) VALUES (897,225,'Se limita a la revisión de la legalidad formal del procedimiento, excluyendo valoraciones sobre la conveniencia política o económica de la propuesta.',0);
INSERT INTO `opciones`(`id`,`pregunta_id`,`texto`,`es_correcta`) VALUES (898,225,'Debe incluir un análisis exhaustivo de la legalidad, pero también puede incluir advertencias o reservas sobre la oportunidad procedimental, sin invadir la discrecionalidad política.',1);
INSERT INTO `opciones`(`id`,`pregunta_id`,`texto`,`es_correcta`) VALUES (899,225,'Exige la incorporación de un dictamen de impacto social o económico de la Intervención municipal, considerándolo parte de la ''actualización''.',0);
INSERT INTO `opciones`(`id`,`pregunta_id`,`texto`,`es_correcta`) VALUES (900,225,'Permite al Secretario General emitir un informe de legalidad solo cuando el asunto es de competencia plenaria y no delegada.',0);
INSERT INTO `preguntas`(`id`,`titulo_id`,`texto`,`epigrafe`,`pagina_pdf`,`pagina_bop`,`explicacion`,`respuesta_correcta`) VALUES (226,1,'Si una Moción de Urgencia presentada al Pleno es rechazada por la Presidencia por no apreciar la urgencia, ¿cuál es el mecanismo más ambiguo y complejo que tiene el Grupo Municipal proponente para intentar revertir esta decisión?','Artículo 69. Asuntos de urgencia.',1,38,'La Moción de Urgencia es discrecional de la Presidencia, pero el ROM (y la legislación de régimen local) permite someter la decisión de urgencia a la votación del Pleno. Esta es la vía más ''ambigua'' y ''compleja'' porque transforma un criterio técnico/presidencial en una decisión política de la mayoría. El Pleno, por mayoría simple, puede contradecir a su Presidencia sobre si el asunto ''es urgente''.','Solicitar la votación del Pleno sobre la declaración de urgencia, lo que de facto convierte una decisión de la Presidencia en una cuestión política de la mayoría.');
INSERT INTO `opciones`(`id`,`pregunta_id`,`texto`,`es_correcta`) VALUES (901,226,'Presentar un recurso de reposición en la siguiente sesión plenaria, solicitando al Pleno la revisión de la decisión de Presidencia.',0);
INSERT INTO `opciones`(`id`,`pregunta_id`,`texto`,`es_correcta`) VALUES (902,226,'Solicitar la votación del Pleno sobre la declaración de urgencia, lo que de facto convierte una decisión de la Presidencia en una cuestión política de la mayoría.',1);
INSERT INTO `opciones`(`id`,`pregunta_id`,`texto`,`es_correcta`) VALUES (903,226,'Acudir al Tribunal Contencioso-Administrativo por considerar que se vulnera el derecho fundamental a la participación política.',0);
INSERT INTO `opciones`(`id`,`pregunta_id`,`texto`,`es_correcta`) VALUES (904,226,'Reformular la Moción como Proposición y presentarla en la siguiente Comisión Informativa de Presidencia.',0);
INSERT INTO `preguntas`(`id`,`titulo_id`,`texto`,`epigrafe`,`pagina_pdf`,`pagina_bop`,`explicacion`,`respuesta_correcta`) VALUES (227,1,'Respecto a la delegación de competencias del Pleno al Alcalde en el ámbito del Patrimonio Municipal, ¿qué aspecto genera mayor ambigüedad en la interpretación de los límites de la delegación?','Artículo 37. Competencias del Pleno.',1,25,'La ley establece competencias indelegables del Pleno. La principal ambigüedad en Patrimonio surge de la distinción entre bienes de dominio público (inalienables, salvo desafectación, siempre Pleno) y bienes patrimoniales (cuya gestión es delegable, con límites de valor o afectación). La definición precisa de cuándo un bien pasa de uno a otro (desafectación) es la clave del conflicto competencial y la ambigüedad en la delegación.','La ambigüedad reside en la definición de ''bienes de dominio público'' susceptibles de desafectación por el Pleno, frente a los ''bienes patrimoniales'' cuya gestión es delegable.');
INSERT INTO `opciones`(`id`,`pregunta_id`,`texto`,`es_correcta`) VALUES (905,227,'La delegación nunca puede incluir la enajenación de bienes inmuebles, independientemente de su valor o uso.',0);
INSERT INTO `opciones`(`id`,`pregunta_id`,`texto`,`es_correcta`) VALUES (906,227,'La ambigüedad reside en la definición de ''bienes de dominio público'' susceptibles de desafectación por el Pleno, frente a los ''bienes patrimoniales'' cuya gestión es delegable.',1);
INSERT INTO `opciones`(`id`,`pregunta_id`,`texto`,`es_correcta`) VALUES (907,227,'La delegación solo es posible si el acuerdo incluye un plazo de caducidad no superior a un año.',0);
INSERT INTO `opciones`(`id`,`pregunta_id`,`texto`,`es_correcta`) VALUES (908,227,'El Alcalde puede delegar estas competencias nuevamente en las Juntas de Distrito sin necesidad de nueva ratificación plenaria.',0);
INSERT INTO `preguntas`(`id`,`titulo_id`,`texto`,`epigrafe`,`pagina_pdf`,`pagina_bop`,`explicacion`,`respuesta_correcta`) VALUES (228,1,'¿Cuál es el efecto más relevante del silencio administrativo positivo en el ámbito de la aprobación definitiva de un Reglamento Municipal, buscando la ambigüedad legal?','Artículo 2. Jerarquía Normativa.',1,11,'La Ley de Régimen Local exige la aprobación expresa de los Reglamentos. Sin embargo, en el ámbito de la ambigüedad legal, el silencio administrativo (positivo o negativo) solo aplica a procedimientos iniciados ''a solicitud del interesado''. Aplicar el silencio positivo a un acto normativo (Reglamento) es una contradicción legal. La respuesta correcta señala esta ambigüedad legal al forzar la aplicación de una figura pensada para actos singulares a una norma general.','Podría generar una aprobación tácita en la fase final de tramitación si se interpretase como un ''procedimiento iniciado a solicitud del interesado'', lo cual es legalmente ambiguo por su naturaleza normativa.');
INSERT INTO `opciones`(`id`,`pregunta_id`,`texto`,`es_correcta`) VALUES (909,228,'No se aplica nunca en la aprobación de Reglamentos, ya que la Ley exige un acto expreso por su naturaleza de norma general.',0);
INSERT INTO `opciones`(`id`,`pregunta_id`,`texto`,`es_correcta`) VALUES (910,228,'Aplica solo en la fase de información pública, confiriendo la aprobación tácita de las reclamaciones no resueltas en plazo.',0);
INSERT INTO `opciones`(`id`,`pregunta_id`,`texto`,`es_correcta`) VALUES (911,228,'Podría generar una aprobación tácita en la fase final de tramitación si se interpretase como un ''procedimiento iniciado a solicitud del interesado'', lo cual es legalmente ambiguo por su naturaleza normativa.',1);
INSERT INTO `opciones`(`id`,`pregunta_id`,`texto`,`es_correcta`) VALUES (912,228,'Impide al Ayuntamiento revisar el Reglamento durante los dos años siguientes a la producción del silencio.',0);
INSERT INTO `preguntas`(`id`,`titulo_id`,`texto`,`epigrafe`,`pagina_pdf`,`pagina_bop`,`explicacion`,`respuesta_correcta`) VALUES (229,1,'El ROM establece que la Comisión Especial de Cuentas informará previamente al Pleno. ¿Cuál es la principal limitación o ambigüedad de este informe en relación con la discrecionalidad política de la aprobación de las cuentas?','Capítulo VII. Impulso, Control y Fiscalización por el Pleno de la Actuación de Demás Órganos de Gobierno.',1,45,'El informe de la Comisión de Cuentas, como órgano de fiscalización, se enfoca en la legalidad, exactitud y coherencia contable. La ambigüedad reside en que el Pleno, al votar las cuentas, está haciendo un juicio político sobre la gestión (oportunidad, eficacia), un aspecto que el informe técnico de la Comisión (o el de la Intervención) no puede suplantar.','Que el informe se centra en la legalidad y fidelidad contable, pero no puede prejuzgar la oportunidad o eficacia de la gestión económica subyacente, que es un juicio político del Pleno.');
INSERT INTO `opciones`(`id`,`pregunta_id`,`texto`,`es_correcta`) VALUES (913,229,'Que el informe debe ser validado por la Intervención General para poder ser presentado, limitando la autonomía de la Comisión.',0);
INSERT INTO `opciones`(`id`,`pregunta_id`,`texto`,`es_correcta`) VALUES (914,229,'Que el informe se centra en la legalidad y fidelidad contable, pero no puede prejuzgar la oportunidad o eficacia de la gestión económica subyacente, que es un juicio político del Pleno.',1);
INSERT INTO `opciones`(`id`,`pregunta_id`,`texto`,`es_correcta`) VALUES (915,229,'Que la Comisión no puede citar a comparecer al Tesorero Municipal para la defensa de las cuentas.',0);
INSERT INTO `opciones`(`id`,`pregunta_id`,`texto`,`es_correcta`) VALUES (916,229,'Que el dictamen es vinculante para el Pleno si es unánime, eliminando el debate político posterior.',0);
INSERT INTO `preguntas`(`id`,`titulo_id`,`texto`,`epigrafe`,`pagina_pdf`,`pagina_bop`,`explicacion`,`respuesta_correcta`) VALUES (230,1,'¿En qué condición el ROM permite que un Concejal no adscrito ejerza un derecho de control político que se asemeje más al de un Grupo Municipal, generando ambigüedad sobre su estatus?','Artículo 71. Intervenciones de los miembros no adscritos.',1,41,'El estatuto del Concejal No Adscrito es restrictivo. La ambigüedad surge si el ROM permite que cualquier número mínimo de Concejales (por ejemplo, uno) pueda presentar una Moción o Proposición. Si el ROM lo permite sin excluir expresamente a los no adscritos, estos podrían ejercer ese derecho. La dificultad y ambigüedad está en si el ROM usa la figura de ''Grupo Municipal'' o de ''Concejales'' para la legitimación activa.','Cuando el ROM permite la presentación de Mociones o Proposiciones por un número mínimo de concejales (que el no adscrito alcanza en solitario) sin distinguir su adscripción, aunque su límite de tiempo sea menor.');
INSERT INTO `opciones`(`id`,`pregunta_id`,`texto`,`es_correcta`) VALUES (917,230,'Nunca puede asimilarse a un Grupo; su derecho de control se limita a la presentación de Ruegos o Preguntas personales.',0);
INSERT INTO `opciones`(`id`,`pregunta_id`,`texto`,`es_correcta`) VALUES (918,230,'Cuando el Concejal no adscrito haya sido previamente reconocido como ''miembro'' de una Comisión Informativa, pudiendo proponer Votos Particulares.',0);
INSERT INTO `opciones`(`id`,`pregunta_id`,`texto`,`es_correcta`) VALUES (919,230,'Cuando el ROM permite la presentación de Mociones o Proposiciones por un número mínimo de concejales (que el no adscrito alcanza en solitario) sin distinguir su adscripción, aunque su límite de tiempo sea menor.',1);
INSERT INTO `opciones`(`id`,`pregunta_id`,`texto`,`es_correcta`) VALUES (920,230,'Si se le asigna un cupo especial de iniciativas, independiente de los turnos de los Grupos, para asegurar su visibilidad política.',0);
INSERT INTO `preguntas`(`id`,`titulo_id`,`texto`,`epigrafe`,`pagina_pdf`,`pagina_bop`,`explicacion`,`respuesta_correcta`) VALUES (231,1,'¿Qué implicación se deriva de la obligación de la Presidencia de ''garantizar la adecuada difusión'' de las actuaciones del Pleno, más allá de la mera publicación en el BOP, respecto al uso de la tecnología?','Artículo 53. Difusión de las sesiones.',1,31,'La ''adecuada difusión'' en el contexto actual de la Administración Electrónica va más allá de los medios tradicionales. La ambigüedad se resuelve hacia la necesidad de usar medios tecnológicos que maximicen la accesibilidad y transparencia, lo que implica el uso de un repositorio de datos abiertos. La respuesta correcta subraya la necesidad de un sistema tecnológicamente avanzado, coherente con la vídeo-acta.','Implica la necesidad de mantener un repositorio digital abierto y accesible de las vídeo-actas y documentos anexos, en un formato que garantice su reutilización y búsqueda (datos abiertos).');
INSERT INTO `opciones`(`id`,`pregunta_id`,`texto`,`es_correcta`) VALUES (921,231,'Exige la transmisión por radio y televisión de todas las sesiones, garantizando la máxima audiencia.',0);
INSERT INTO `opciones`(`id`,`pregunta_id`,`texto`,`es_correcta`) VALUES (922,231,'Implica la necesidad de mantener un repositorio digital abierto y accesible de las vídeo-actas y documentos anexos, en un formato que garantice su reutilización y búsqueda (datos abiertos).',1);
INSERT INTO `opciones`(`id`,`pregunta_id`,`texto`,`es_correcta`) VALUES (923,231,'Se limita a la transcripción literal de los acuerdos, debiendo ser certificada por el Secretario General en papel.',0);
INSERT INTO `opciones`(`id`,`pregunta_id`,`texto`,`es_correcta`) VALUES (924,231,'Obliga a la publicación de un resumen ejecutivo en un diario de amplia difusión local, en lugar de la publicación electrónica.',0);
INSERT INTO `preguntas`(`id`,`titulo_id`,`texto`,`epigrafe`,`pagina_pdf`,`pagina_bop`,`explicacion`,`respuesta_correcta`) VALUES (232,1,'En caso de empate en una votación plenaria, y tras el segundo intento infructuoso, ¿cuál es el mecanismo de resolución más ambiguo que puede alterar la voluntad inicial del Pleno en el fondo del asunto?','Artículo 83. Empates.',1,44,'La resolución del empate mediante el voto de calidad (Presidencia) o la desestimación son procesos claros. La ambigüedad y la ''alteración'' real se produce cuando el asunto se pospone a la siguiente sesión. El tiempo extra permite la negociación política y, crucialmente, la adición de un informe jurídico o técnico que puede modificar la postura inicial de los concejales, alterando el resultado en la nueva votación.','Se requiere que el punto sea pospuesto a la siguiente sesión y se incorpore un informe jurídico complementario que puede influir en la decisión de los concejales.');
INSERT INTO `opciones`(`id`,`pregunta_id`,`texto`,`es_correcta`) VALUES (925,232,'La Presidencia aplica el voto de calidad, lo que, al ser un solo voto, no altera la paridad sino que la rompe a favor de una opción.',0);
INSERT INTO `opciones`(`id`,`pregunta_id`,`texto`,`es_correcta`) VALUES (926,232,'Se requiere que el punto sea pospuesto a la siguiente sesión y se incorpore un informe jurídico complementario que puede influir en la decisión de los concejales.',1);
INSERT INTO `opciones`(`id`,`pregunta_id`,`texto`,`es_correcta`) VALUES (927,232,'El asunto se entiende desestimado por falta de mayoría, lo que no genera ambigüedad.',0);
INSERT INTO `opciones`(`id`,`pregunta_id`,`texto`,`es_correcta`) VALUES (928,232,'Se requiere una nueva votación que debe ser pública por llamamiento, no secreta.',0);
INSERT INTO `preguntas`(`id`,`titulo_id`,`texto`,`epigrafe`,`pagina_pdf`,`pagina_bop`,`explicacion`,`respuesta_correcta`) VALUES (233,1,'Respecto a la información reservada que se facilita a los Concejales, ¿qué ambigüedad surge en la aplicación del principio de ''secreto'' frente al derecho de los Concejales a la información para el ejercicio de su función?','Artículo 17. Ejercicio general del derecho [a la información].',1,17,'Los Concejales tienen derecho a acceder a toda la información, pero su uso puede estar limitado por el deber de secreto. La ambigüedad se genera en cómo conciliar el deber de secreto (no revelar la información reservada) con el derecho a la crítica política (usar esa información en el debate público para cuestionar la gestión, sin revelar detalles clasificados).','La ambigüedad reside en el límite: el Concejal puede usar la información para su función, pero su deber de secreto no está claramente definido respecto a su uso en el debate público sin desvelar la fuente.');
INSERT INTO `opciones`(`id`,`pregunta_id`,`texto`,`es_correcta`) VALUES (929,233,'La Presidencia tiene la potestad discrecional de clasificar un documento como ''reservado'' sin necesidad de justificación formal, limitando el derecho de acceso.',0);
INSERT INTO `opciones`(`id`,`pregunta_id`,`texto`,`es_correcta`) VALUES (930,233,'La ambigüedad reside en el límite: el Concejal puede usar la información para su función, pero su deber de secreto no está claramente definido respecto a su uso en el debate público sin desvelar la fuente.',1);
INSERT INTO `opciones`(`id`,`pregunta_id`,`texto`,`es_correcta`) VALUES (931,233,'El Secretario General debe emitir un informe sobre la necesidad de la reserva, que es vinculante para la Presidencia.',0);
INSERT INTO `opciones`(`id`,`pregunta_id`,`texto`,`es_correcta`) VALUES (932,233,'La reserva solo es aplicable a expedientes con un procedimiento judicial abierto o inminente.',0);
INSERT INTO `preguntas`(`id`,`titulo_id`,`texto`,`epigrafe`,`pagina_pdf`,`pagina_bop`,`explicacion`,`respuesta_correcta`) VALUES (234,1,'¿Cómo se resuelve la ambigüedad entre la autonomía de las Comisiones Informativas y el principio de unidad de acción de la Corporación en la fase de dictamen?','Artículo 120. Voto Particular.',1,57,'Las Comisiones tienen autonomía para reflejar el debate político y las minorías (Votos Particulares). Sin embargo, el Pleno (órgano supremo) solo vota el dictamen mayoritario (el de la Comisión en su conjunto). La ambigüedad se resuelve en el Pleno: se respeta la autonomía de la Comisión al registrar el Voto Particular, pero se garantiza la unidad de acción al forzar al Pleno a votar sobre una única propuesta de acuerdo (el dictamen mayoritario).','La Comisión, en su dictamen, puede incluir Votos Particulares, pero el Pleno solo votará el dictamen mayoritario, reforzando la unidad de la acción final.');
INSERT INTO `opciones`(`id`,`pregunta_id`,`texto`,`es_correcta`) VALUES (933,234,'El dictamen de la Comisión es siempre de carácter consultivo, y solo se convierte en vinculante si es aprobado por la mayoría absoluta de sus miembros.',0);
INSERT INTO `opciones`(`id`,`pregunta_id`,`texto`,`es_correcta`) VALUES (934,234,'La Comisión, en su dictamen, puede incluir Votos Particulares, pero el Pleno solo votará el dictamen mayoritario, reforzando la unidad de la acción final.',1);
INSERT INTO `opciones`(`id`,`pregunta_id`,`texto`,`es_correcta`) VALUES (935,234,'El Pleno solo puede debatir sobre el dictamen si es emitido con un plazo de al menos 48 horas de antelación, respetando la autonomía de la Comisión.',0);
INSERT INTO `opciones`(`id`,`pregunta_id`,`texto`,`es_correcta`) VALUES (936,234,'La unidad de acción se garantiza al requerir la presencia de al menos dos Concejales de la oposición para la validez del dictamen.',0);
INSERT INTO `preguntas`(`id`,`titulo_id`,`texto`,`epigrafe`,`pagina_pdf`,`pagina_bop`,`explicacion`,`respuesta_correcta`) VALUES (235,1,'En el supuesto de que el Pleno acuerde la delegación de la gestión de un servicio público a una entidad pública empresarial municipal, ¿qué elemento del proceso genera mayor ambigüedad jurídica respecto al control político?','Capítulo VII. Impulso, Control y Fiscalización por el Pleno de la Actuación de Demás Órganos de Gobierno.',1,45,'La delegación busca eficiencia (autonomía de gestión). Sin embargo, el Ayuntamiento mantiene la titularidad y, por tanto, el control político. La ambigüedad surge al intentar definir el límite entre la ''autonomía técnica'' de la entidad y el ''control político-jerárquico'' que el Pleno y la Junta de Gobierno deben mantener para asegurar la adecuada prestación del servicio, a menudo colisionando en decisiones operativas.','La dificultad de compatibilizar la autonomía de gestión de la entidad con el control jerárquico de los órganos municipales (Pleno y Junta de Gobierno) sobre las decisiones operativas.');
INSERT INTO `opciones`(`id`,`pregunta_id`,`texto`,`es_correcta`) VALUES (937,235,'El carácter vinculante de los informes de la Intervención sobre los presupuestos de la entidad, limitando la discrecionalidad.',0);
INSERT INTO `opciones`(`id`,`pregunta_id`,`texto`,`es_correcta`) VALUES (938,235,'La dificultad de compatibilizar la autonomía de gestión de la entidad con el control jerárquico de los órganos municipales (Pleno y Junta de Gobierno) sobre las decisiones operativas.',1);
INSERT INTO `opciones`(`id`,`pregunta_id`,`texto`,`es_correcta`) VALUES (939,235,'La necesidad de una mayoría de tres quintos para la creación de la entidad, un requisito claro y sin ambigüedad.',0);
INSERT INTO `opciones`(`id`,`pregunta_id`,`texto`,`es_correcta`) VALUES (940,235,'La prohibición de que los Concejales sean simultáneamente miembros del Consejo de Administración de la entidad.',0);
INSERT INTO `preguntas`(`id`,`titulo_id`,`texto`,`epigrafe`,`pagina_pdf`,`pagina_bop`,`explicacion`,`respuesta_correcta`) VALUES (236,1,'¿Cuál es la principal ambigüedad respecto al régimen de incompatibilidades de los Concejales en el ROM, en relación con la participación en debates sobre asuntos que les afecten?','Artículo 68. Abstención.',1,38,'El concepto de ''interés particular'' que obliga a la abstención es la principal fuente de ambigüedad. La ley (y el ROM) lo define de forma amplia. La dificultad reside en trazar el límite, especialmente en las relaciones indirectas (familiares, laborales, empresariales). La relación laboral con un contratista es un ejemplo clásico de un interés que puede ser ambiguo.','La ambigüedad está en definir cuándo una ''relación laboral'' con un contratista municipal se considera ''interés particular'' y requiere la abstención.');
INSERT INTO `opciones`(`id`,`pregunta_id`,`texto`,`es_correcta`) VALUES (941,236,'La ambigüedad está en definir cuándo una ''relación laboral'' con un contratista municipal se considera ''interés particular'' y requiere la abstención.',1);
INSERT INTO `opciones`(`id`,`pregunta_id`,`texto`,`es_correcta`) VALUES (942,236,'Un Concejal puede participar en el debate siempre que no vote el punto, resolviendo la ambigüedad en la fase de votación.',0);
INSERT INTO `opciones`(`id`,`pregunta_id`,`texto`,`es_correcta`) VALUES (943,236,'Solo se requiere la abstención si el asunto afecta al Concejal a título individual y no a un grupo o sector amplio de la población.',0);
INSERT INTO `opciones`(`id`,`pregunta_id`,`texto`,`es_correcta`) VALUES (944,236,'La abstención es obligatoria solo si el asunto es de carácter económico y no político.',0);
INSERT INTO `preguntas`(`id`,`titulo_id`,`texto`,`epigrafe`,`pagina_pdf`,`pagina_bop`,`explicacion`,`respuesta_correcta`) VALUES (237,1,'Si el Alcalde decide modificar la delegación de competencias a un Teniente de Alcalde, ¿cuál es el requisito formal cuya omisión podría generar mayor ambigüedad legal sobre la validez de las actuaciones del Teniente de Alcalde?','Artículo 140. Delegación de competencias.',1,65,'Las delegaciones son un acto del Alcalde, pero deben ser publicadas formalmente (BOP) para que sean efectivas frente a terceros. La ambigüedad legal se produce cuando la modificación (un acto interno) no se hace pública: el Teniente de Alcalde puede estar actuando con una competencia que, formalmente, no ha sido correctamente comunicada a la ciudadanía, lo que puede invalidar sus actos por falta de competencia formal.','La publicación de la modificación en el Boletín Oficial de la Provincia, ya que la ausencia de publicidad formal podría ser utilizada para impugnar actos posteriores del Teniente de Alcalde.');
INSERT INTO `opciones`(`id`,`pregunta_id`,`texto`,`es_correcta`) VALUES (945,237,'Que la modificación se notifique a todos los Concejales, sin necesidad de publicación oficial.',0);
INSERT INTO `opciones`(`id`,`pregunta_id`,`texto`,`es_correcta`) VALUES (946,237,'La publicación de la modificación en el Boletín Oficial de la Provincia, ya que la ausencia de publicidad formal podría ser utilizada para impugnar actos posteriores del Teniente de Alcalde.',1);
INSERT INTO `opciones`(`id`,`pregunta_id`,`texto`,`es_correcta`) VALUES (947,237,'La ratificación por mayoría simple del Pleno en la sesión inmediatamente posterior a la modificación.',0);
INSERT INTO `opciones`(`id`,`pregunta_id`,`texto`,`es_correcta`) VALUES (948,237,'La emisión de un informe previo y vinculante de la Secretaría General sobre el alcance de la modificación.',0);
INSERT INTO `preguntas`(`id`,`titulo_id`,`texto`,`epigrafe`,`pagina_pdf`,`pagina_bop`,`explicacion`,`respuesta_correcta`) VALUES (238,1,'En la regulación de la sesión extraordinaria del Pleno a solicitud de la cuarta parte de los Concejales, ¿qué ambigüedad temporal genera un conflicto potencial entre el derecho de la Minoría y la eficacia administrativa?','Artículo 42. Sesiones extraordinarias.',1,27,'El ROM (siguiendo la LBRL) establece un plazo para la convocatoria. La ambigüedad surge si la Presidencia incumple ese plazo. ¿El derecho de la minoría caduca? ¿Pueden convocarla ellos mismos? La ley no siempre establece el mecanismo de ''caducidad'' o de ''autodeterminación de la convocatoria'', forzando una ambigüedad que desprotege el derecho de la minoría.','El Pleno debe convocarse dentro de un plazo tasado (ej. 15 días), pero no se establece el plazo de caducidad para la celebración de la sesión si la Presidencia no la convoca a tiempo, forzando la ambigüedad.');
INSERT INTO `opciones`(`id`,`pregunta_id`,`texto`,`es_correcta`) VALUES (949,238,'El Pleno se convoca automáticamente, pero no se establece un límite de tiempo para la inclusión del punto en el Orden del Día, permitiendo demoras injustificadas.',0);
INSERT INTO `opciones`(`id`,`pregunta_id`,`texto`,`es_correcta`) VALUES (950,238,'El Pleno debe convocarse dentro de un plazo tasado (ej. 15 días), pero no se establece el plazo de caducidad para la celebración de la sesión si la Presidencia no la convoca a tiempo, forzando la ambigüedad.',1);
INSERT INTO `opciones`(`id`,`pregunta_id`,`texto`,`es_correcta`) VALUES (951,238,'La solicitud debe ser motivada por razones de urgencia de interés público, lo que es una ambigüedad de contenido, no temporal.',0);
INSERT INTO `opciones`(`id`,`pregunta_id`,`texto`,`es_correcta`) VALUES (952,238,'La Presidencia puede convocarla en menos de 24 horas si la urgencia es extrema, lo que anula la ambigüedad del plazo.',0);
INSERT INTO `preguntas`(`id`,`titulo_id`,`texto`,`epigrafe`,`pagina_pdf`,`pagina_bop`,`explicacion`,`respuesta_correcta`) VALUES (239,1,'¿Cuál es la ambigüedad más significativa en el ROM respecto a la competencia de la Junta de Gobierno Local (JGL) sobre asuntos que afecten indirectamente a la organización interna del Ayuntamiento?','Artículo 149. Competencias y delegación.',1,68,'Las competencias de la JGL son principalmente de gestión y administración. El Pleno se reserva la organización fundamental. La ambigüedad surge con instrumentos como la RPT, cuya aprobación inicial es del Pleno, pero cuya gestión y ciertas modificaciones pueden recaer en la JGL por delegación o interpretación extensiva de sus funciones de gestión, generando un conflicto de competencia sobre el ámbito organizativo.','La ambigüedad reside en la delimitación de ''asuntos de gestión interna'' (JGL) frente a ''asuntos de organización fundamental'' (Pleno), especialmente en la modificación de relaciones de puestos de trabajo (RPT) que la JGL gestiona, pero que afectan al Pleno.');
INSERT INTO `opciones`(`id`,`pregunta_id`,`texto`,`es_correcta`) VALUES (953,239,'La JGL puede aprobar los expedientes de contratación, pero no las bases de las oposiciones, siendo esta una competencia clara del Pleno.',0);
INSERT INTO `opciones`(`id`,`pregunta_id`,`texto`,`es_correcta`) VALUES (954,239,'La ambigüedad reside en la delimitación de ''asuntos de gestión interna'' (JGL) frente a ''asuntos de organización fundamental'' (Pleno), especialmente en la modificación de relaciones de puestos de trabajo (RPT) que la JGL gestiona, pero que afectan al Pleno.',1);
INSERT INTO `opciones`(`id`,`pregunta_id`,`texto`,`es_correcta`) VALUES (955,239,'La JGL puede aprobar reglamentos de régimen interno de servicios, pero solo si no tienen impacto económico superior a 30.000 euros.',0);
INSERT INTO `opciones`(`id`,`pregunta_id`,`texto`,`es_correcta`) VALUES (956,239,'La JGL requiere la delegación expresa del Pleno para aprobar cualquier tipo de convenio de colaboración con otras administraciones.',0);
INSERT INTO `preguntas`(`id`,`titulo_id`,`texto`,`epigrafe`,`pagina_pdf`,`pagina_bop`,`explicacion`,`respuesta_correcta`) VALUES (240,1,'¿Qué consecuencia de la revisión de oficio de un acuerdo plenario, según el ROM, genera la mayor ambigüedad en el principio de seguridad jurídica de los ciudadanos afectados?','Artículo 2. Jerarquía Normativa.',1,11,'La revisión de oficio busca anular acuerdos radicalmente nulos (legalidad). La ambigüedad y el conflicto surgen cuando esa anulación (que opera *ex tunc*, desde el origen) afecta a derechos adquiridos por terceros de buena fe (seguridad jurídica). La ley obliga a que la legalidad prevalezca, pero esto es un sacrificio a la seguridad jurídica, y el ROM debe reflejar este conflicto de principios.','La ambigüedad se genera por la retroactividad de la declaración de nulidad, que puede afectar derechos de terceros que actuaron de buena fe, haciendo prevalecer la legalidad sobre la seguridad jurídica en casos extremos.');
INSERT INTO `opciones`(`id`,`pregunta_id`,`texto`,`es_correcta`) VALUES (957,240,'La revisión de oficio solo puede iniciarse a instancia de la Intervención y requiere un informe del Consejo Consultivo de Andalucía, lo que elimina la ambigüedad.',0);
INSERT INTO `opciones`(`id`,`pregunta_id`,`texto`,`es_correcta`) VALUES (958,240,'La ambigüedad se genera por la retroactividad de la declaración de nulidad, que puede afectar derechos de terceros que actuaron de buena fe, haciendo prevalecer la legalidad sobre la seguridad jurídica en casos extremos.',1);
INSERT INTO `opciones`(`id`,`pregunta_id`,`texto`,`es_correcta`) VALUES (959,240,'El Pleno tiene un plazo máximo de dos años para la revisión, lo que es un plazo claro y sin ambigüedad.',0);
INSERT INTO `opciones`(`id`,`pregunta_id`,`texto`,`es_correcta`) VALUES (960,240,'La revisión solo es aplicable a los actos que no han sido objeto de recurso contencioso-administrativo previo.',0);
SET FOREIGN_KEY_CHECKS=1;
COMMIT;